id_2,avetemp_lb,avetemp_ub,avetemp_lb2050,avetemp_ub2050
1,27.58947,29.360933,26.200378,27.939756
2,22.704088,24.538298,21.305849,23.098028
3,27.082914,28.864264,25.692139,27.43951
4,22.704088,24.538298,21.305849,23.098028
5,22.721399,24.555599,21.323196,23.115387
6,26.999493,28.757488,25.613873,27.34133
7,27.044834,28.829861,25.654837,27.406343
8,27.606745,29.378159,26.2178,27.957254
9,23.558626,25.401457,22.164867,23.969233
10,25.537376,27.358921,24.144567,25.928402
11,25.857981,27.619822,24.474079,26.204996
12,27.643505,29.407833,26.254898,27.987768
13,24.886835,26.719582,23.492794,25.286312
14,26.959599,28.735424,25.566858,27.307425
15,22.5116,24.361582,21.117716,22.929558
16,26.713696,28.492899,25.320642,27.06419
17,27.606745,29.378159,26.2178,27.957254
18,27.583708,29.355188,26.194563,27.933918
19,27.198437,28.970989,25.806009,27.543678
20,23.61706,25.446465,22.220381,24.009029
21,27.199718,28.972267,25.807301,27.544975
22,26.08885,27.894381,24.697502,26.467176
23,27.762329,29.498493,26.374453,28.080585
24,27.606745,29.378159,26.2178,27.957254
25,23.629967,25.439274,22.244211,24.018265
26,22.893873,24.708511,21.497562,23.270494
27,27.198437,28.970989,25.806009,27.543678
28,28.861198,30.728329,27.350225,29.207247
29,29.107367,30.951136,27.597773,29.431858
30,27.021748,28.820801,25.515831,27.308159
31,29.130672,30.897949,27.620646,29.378548
32,27.552696,29.225082,26.05612,27.722961
33,27.242411,28.986202,25.7458,27.484043
34,29.076227,30.976748,27.564281,29.450768
35,27.035122,28.835155,25.52914,27.322405
37,28.857723,30.724907,27.346758,29.203836
38,27.035122,28.835155,25.52914,27.322405
39,27.169333,28.932463,25.669474,27.426645
40,27.087795,28.874063,25.583616,27.36335
41,28.631624,30.476511,27.12225,28.956203
42,29.50864,31.369997,28.004503,29.84963
43,29.491524,31.387756,27.979916,29.861427
44,28.634501,30.553547,27.121777,29.021294
45,28.235855,30.163517,26.724438,28.628914
46,28.914757,30.758707,27.406008,29.238432
47,29.473629,31.322884,27.967361,29.802113
48,29.719563,31.576412,28.211155,30.05341
49,28.465481,30.389524,26.952349,28.858137
50,28.909351,30.778843,27.408907,29.261194
51,27.797848,29.611023,26.290506,28.0956
52,30.077492,31.949522,28.567749,30.422955
53,29.290398,31.149384,27.790157,29.634035
54,28.890717,30.799381,27.381399,29.268034
55,28.744787,30.129023,27.427948,28.789999
56,28.781052,30.149231,27.464787,28.811689
57,29.174738,30.543633,27.859125,29.205811
58,28.941811,30.355238,27.625345,29.014332
59,28.064489,29.542429,26.741547,28.203869
60,28.168884,29.574642,26.850449,28.237247
61,29.174738,30.543633,27.859125,29.205811
62,29.174738,30.543633,27.859125,29.205811
63,27.613407,28.980717,26.295815,27.644461
64,26.762835,28.137268,25.447556,26.804754
65,28.840088,30.2117,27.524401,28.874752
66,28.070642,29.54771,26.74774,28.209122
67,28.259739,29.633373,26.944008,28.298115
68,28.382977,29.815666,27.062435,28.47617
69,29.174738,30.543633,27.859125,29.205811
70,29.174738,30.543633,27.859125,29.205811
71,28.256821,29.654945,26.939545,28.317963
72,28.356373,29.812687,27.022842,28.460964
74,28.032867,29.473484,26.700947,28.118488
75,28.033752,29.474369,26.70183,28.119366
76,27.931442,29.372028,26.599733,28.01738
77,28.034779,29.475342,26.702847,28.120312
78,27.709743,29.155445,26.375895,27.799913
79,28.251118,29.679737,26.919024,28.323389
80,27.761927,29.199577,26.430088,27.8442
81,27.162083,28.60651,25.8321,27.256033
82,26.869909,28.311628,25.540588,26.961254
83,27.3172,28.768364,25.981321,27.412434
84,27.964878,29.399311,26.632387,28.042391
85,28.08169,29.508041,26.748865,28.150591
86,27.544159,28.9779,26.213991,27.625561
87,29.061907,29.732733,27.719995,28.374399
88,27.545721,28.993216,26.21294,27.639887
89,27.201799,28.646597,25.871731,27.296106
90,27.000622,28.444132,25.671608,27.094404
91,29.371233,29.655827,28.073446,28.355881
92,25.924974,27.301586,24.610357,25.973234
93,28.605207,29.313477,27.294374,27.996264
94,26.422192,27.798809,25.10755,26.47249
95,29.202978,30.327501,27.876534,28.989773
96,25.79538,27.142807,24.480755,25.81295
97,28.26018,29.210135,26.95134,27.897312
98,26.42119,27.797834,25.106615,26.471445
99,28.099123,29.571671,26.776472,28.233044
100,28.066061,29.464838,26.748253,28.1283
101,26.961235,28.17901,25.645979,26.856329
102,29.946455,30.223722,28.640263,28.912527
103,26.525448,27.899408,25.207457,26.573328
104,27.735712,29.112064,26.419912,27.778271
105,27.007027,28.283747,25.692215,26.962198
106,25.550507,26.927095,24.235855,25.597261
107,29.222809,29.679178,27.920387,28.373848
108,26.438265,27.810909,25.120892,26.481972
109,24.233227,25.963106,22.870064,24.57004
110,25.065725,26.926739,23.677471,25.504854
111,27.253492,29.020861,25.883797,27.622931
112,25.008436,26.816317,23.629948,25.405548
113,25.817232,27.539122,24.461954,26.156691
114,26.965893,28.733212,25.596014,27.334751
115,27.63389,29.338785,26.281326,27.960814
116,26.570345,28.310772,25.190195,26.892467
117,24.635864,26.41198,23.271227,25.018454
118,24.432552,26.227341,23.069424,24.837648
119,24.234985,26.017319,22.865234,24.614582
120,25.784035,27.553808,24.400146,26.125404
121,24.856966,26.658949,23.47998,25.242918
122,24.243515,26.081837,22.856882,24.650393
123,24.897234,26.695286,23.510664,25.266001
124,26.507435,28.241215,25.181955,26.911076
125,26.605265,28.337866,25.278957,27.006247
126,27.299438,29.037945,25.966463,27.700853
127,26.764811,28.48538,25.446489,27.161755
128,26.47801,28.211584,25.152834,26.881737
129,27.335962,28.991436,26.024401,27.674267
130,27.003767,28.71567,25.689655,27.39555
131,26.907532,28.629242,25.586697,27.302162
132,26.53511,28.268248,25.209421,26.93759
133,26.732182,28.467405,25.404505,27.135197
134,26.700012,28.431892,25.372875,27.098974
135,27.443914,29.128359,26.06941,27.713413
136,27.134792,28.820095,25.761631,27.408337
137,27.481058,29.164648,26.106415,27.749357
138,27.730865,29.459713,26.356281,28.043497
139,27.928444,29.657219,26.553146,28.239523
140,27.958483,29.638393,26.582235,28.219034
141,28.091375,29.762106,26.720501,28.352205
142,27.312347,29.013243,25.938641,27.599909
143,28.050388,29.77512,26.674547,28.356455
144,27.967318,29.647158,26.591038,28.227724
145,27.682281,29.364319,26.306961,27.947315
146,27.943281,29.656122,26.567543,28.238083
147,28.195599,28.81624,26.927124,27.547951
148,27.616999,27.739132,26.344013,26.468603
149,28.534225,29.150909,27.265047,27.88176
150,28.534225,29.150909,27.265047,27.88176
151,28.534225,29.150909,27.265047,27.88176
152,28.534225,29.150909,27.265047,27.88176
153,27.646973,29.286583,26.283855,27.886089
154,27.46866,29.067221,26.107224,27.669434
155,27.810654,29.460022,26.447634,28.061583
156,27.654861,29.279009,26.288401,27.873178
157,27.472717,29.043732,26.11471,27.652515
158,27.734564,29.362965,26.372559,27.964354
159,27.534613,29.177616,26.17075,27.775833
160,28.075449,29.726034,26.713564,28.330738
161,27.39032,28.980091,26.029058,27.582552
162,27.39032,28.980091,26.029058,27.582552
163,26.905642,28.567656,25.537598,27.158653
164,27.629402,29.269543,26.266172,27.868853
165,28.037727,29.696114,26.673405,28.296402
166,27.43001,29.020271,26.068634,27.62254
167,27.376644,28.936039,26.020981,27.548626
168,27.913593,29.536892,26.555187,28.145769
169,27.707895,29.338936,26.340391,27.93144
170,27.406071,28.99789,26.044502,27.599857
171,27.792219,29.457476,26.425241,28.052481
172,27.648636,29.230675,26.288193,27.834358
173,27.736269,29.310612,26.377037,27.916319
174,27.39032,28.980091,26.029058,27.582552
175,27.705889,29.269691,26.34865,27.878868
176,27.794666,29.429811,26.432533,28.031017
177,27.609137,29.243071,26.245512,27.841751
178,27.394098,28.984291,26.032829,27.586742
179,27.794666,29.429811,26.432533,28.031017
180,27.691031,29.31988,26.32386,27.912916
182,27.794666,29.429811,26.432533,28.031017
183,27.452572,29.093933,26.084845,27.685871
184,27.711943,29.34351,26.34436,27.935888
185,27.502659,29.077991,26.143787,27.684832
186,27.942377,29.562809,26.584873,28.173544
187,27.591488,29.253466,26.225,27.848824
188,21.747387,23.516298,20.368023,22.088598
189,22.569845,24.389177,21.194677,22.962049
190,22.446672,24.204275,21.061569,22.774406
191,20.701422,22.530064,19.319725,21.09317
192,18.48801,20.302732,17.100412,18.863171
193,23.349924,25.183573,21.973471,23.753683
194,18.224504,20.042473,16.839577,18.603693
195,22.078869,23.843155,20.700027,22.416496
196,21.952845,23.718719,20.573179,22.291258
197,22.496853,24.308001,21.12114,22.880943
198,19.233965,21.038597,17.843288,19.599066
199,23.790962,25.574858,22.415827,24.151127
200,23.609896,25.434385,22.23497,24.007446
201,22.240358,24.022749,20.862719,22.59593
202,26.911667,28.414345,25.54487,27.02932
203,27.396181,28.897434,26.026386,27.510414
204,27.654877,29.160013,26.280594,27.769657
205,26.90588,28.442366,25.534241,27.053831
206,26.908209,28.43112,25.538509,27.043989
207,26.911667,28.414351,25.544868,27.029325
208,27.663231,29.172405,26.302515,27.791676
209,26.911667,28.414345,25.54487,27.02932
210,29.932425,31.576078,28.501419,30.151524
211,29.104401,30.740379,27.663736,29.299427
212,29.845491,30.884571,28.390886,29.427322
213,29.547901,31.131701,28.129004,29.717169
214,29.933285,31.57843,28.501829,30.15349
215,29.37114,30.98782,27.943657,29.564396
216,28.923437,30.547037,27.492241,29.118153
217,29.551565,31.143431,28.125559,29.714916
218,28.775669,30.43119,27.335022,28.994049
219,29.270744,30.840033,27.8531,29.422234
220,29.534058,31.1157,28.115597,29.70153
221,29.4119,30.771137,27.966793,29.324654
222,28.937244,30.562263,27.505125,29.132244
223,29.053143,30.666536,27.625023,29.241045
224,28.941727,30.562477,27.511375,29.134367
225,29.932425,31.576078,28.501419,30.151524
226,29.932367,31.576008,28.501362,30.151455
227,29.086048,30.720436,27.646481,29.280853
228,28.997831,30.616039,27.567114,29.186905
229,29.932425,31.576078,28.501419,30.151524
230,28.735415,30.399633,27.292198,28.960247
231,28.659433,30.316204,27.211622,28.868696
232,28.317841,29.990942,26.864643,28.538622
233,29.163086,30.685377,27.71839,29.240046
234,29.13748,30.727354,27.714733,29.305401
235,28.351374,30.022537,26.898607,28.570482
236,29.291109,30.857254,27.874245,29.44009
237,28.735415,30.399633,27.292198,28.960247
238,29.123453,30.781006,27.684198,29.34643
239,28.791,30.454262,27.348351,29.015568
240,29.541656,31.124483,28.122959,29.710117
241,29.662926,30.796247,28.214193,29.345242
242,29.716738,31.326818,28.292521,29.907883
243,29.949245,31.587376,28.519722,30.164314
244,29.104401,30.740379,27.663736,29.299427
245,30.012524,31.577518,28.577351,30.137636
246,28.934418,30.555647,27.503914,29.127365
247,29.534058,31.1157,28.115597,29.70153
248,29.248554,30.870346,27.812605,29.433397
249,28.754757,30.415369,27.312624,28.97694
250,29.035801,30.674995,27.594204,29.233288
251,29.893013,31.537346,28.461611,30.112307
252,29.932425,31.576078,28.501419,30.151524
253,29.479553,31.064367,28.056057,29.638977
254,29.548702,31.140388,28.122774,29.711981
255,29.497932,31.081734,28.078764,29.666719
256,29.515684,31.042433,28.080385,29.604946
257,28.734304,30.398546,27.291061,28.959126
258,26.280472,28.251139,24.774906,26.725708
259,25.887228,27.877302,24.372974,26.337067
260,28.948679,30.918308,27.440645,29.369192
261,27.520233,29.524803,26.011009,27.977968
262,28.070904,30.075388,26.562973,28.529608
263,23.929956,25.906128,22.41473,24.370527
264,28.809538,30.80262,27.302288,29.25613
265,24.778864,26.777531,23.276981,25.246668
266,27.728737,29.723938,26.219194,28.176016
267,27.21385,29.218824,25.704082,27.671654
268,23.54858,25.562584,22.035099,24.021339
269,27.70686,29.671898,26.199854,28.145842
270,25.32621,27.331202,23.811041,25.789747
271,26.757198,28.697201,25.247887,27.170404
272,26.965385,28.94442,25.454586,27.412056
273,25.508745,27.526127,23.998207,25.98188
274,25.538229,27.549351,24.030436,26.00766
275,26.787369,28.791256,25.276634,27.245398
276,25.557503,27.5392,24.047651,25.997755
277,24.651434,26.645452,23.140327,25.109966
278,24.779045,26.767586,23.274637,25.240341
279,26.051186,28.068222,24.5394,26.523783
280,27.804148,29.54324,26.421173,28.112236
281,28.797222,30.531361,27.414585,29.098293
282,28.785694,30.52256,27.402971,29.089333
283,28.797222,30.531361,27.414585,29.098293
284,28.87463,30.593472,27.492987,29.162214
285,28.797222,30.531361,27.414585,29.098293
286,28.801716,30.535553,27.419418,29.103197
287,26.661373,28.427155,25.277512,26.996067
288,28.797222,30.531361,27.414585,29.098293
289,28.827404,30.559509,27.447052,29.131231
290,28.797222,30.531361,27.414585,29.098293
291,28.45289,30.182928,27.070518,28.751347
292,28.648893,30.356573,27.268002,28.927471
293,27.106415,28.831146,25.72438,27.402618
294,29.060627,30.742706,27.681393,29.315823
295,28.701302,30.435921,27.318634,29.003054
296,28.797222,30.531361,27.414585,29.098293
297,28.797222,30.531361,27.414585,29.098293
298,28.797222,30.531361,27.414585,29.098293
299,27.160862,28.971817,25.774738,27.535374
300,27.62701,29.366989,26.24398,27.936352
301,27.182325,28.996019,25.796041,27.559265
302,28.227699,29.985222,26.844276,28.551905
303,28.183176,29.920376,26.800331,28.488588
304,27.63389,29.338785,26.281326,27.960814
305,28.171066,30.064941,26.789373,28.657679
306,28.000702,29.726013,26.63665,28.337635
307,27.911633,29.793264,26.530622,28.388186
308,27.68302,29.326471,26.348572,27.971182
309,26.360188,28.136843,24.988585,26.746592
310,27.909594,29.58812,26.558159,28.213247
311,27.927956,29.590183,26.574635,28.218493
312,27.459162,28.036777,26.165819,26.730556
313,28.110535,29.781364,26.757467,28.40596
314,26.523813,28.190834,25.189142,26.830843
315,28.171335,30.150181,26.779121,28.731163
316,27.055901,28.77037,25.691965,27.386217
317,26.494354,28.086082,25.149254,26.725697
318,27.544079,29.45755,26.158812,28.048649
319,27.045456,28.749821,25.682459,27.366703
320,27.925373,29.677999,26.55632,28.283707
321,27.595684,29.297436,26.245224,27.921783
322,25.479895,27.346462,24.097158,25.943914
323,27.879539,29.790493,26.494253,28.377844
324,26.764984,28.623562,25.381536,27.209772
325,26.044798,27.730177,24.704153,26.363651
326,27.461725,28.745153,26.129993,27.399965
327,25.925459,27.128469,24.58536,25.762222
328,27.422577,29.11661,26.061176,27.736135
329,27.532669,29.40514,26.150824,27.995584
330,28.411314,30.390509,27.019291,28.971045
331,27.618004,29.562901,26.225702,28.140684
332,27.282158,29.244793,25.891087,27.829502
333,27.799564,29.128004,26.466454,27.77194
334,28.067354,29.563389,26.725393,28.195011
335,27.880583,29.298588,26.546356,27.941433
336,27.961872,29.418972,26.623196,28.054928
337,27.728167,29.17391,26.390837,27.811071
338,28.008884,29.116983,26.67815,27.765244
339,28.128061,29.556837,26.792854,28.199116
340,27.738724,29.160948,26.40444,27.802826
341,27.879551,29.298161,26.545317,27.940994
342,27.833628,29.364027,26.489491,27.990715
343,27.879551,29.298161,26.545317,27.940994
344,28.100496,29.511801,26.766138,28.155304
345,28.055645,29.482855,26.724861,28.129143
346,28.195833,29.628088,26.863646,28.271069
348,28.405838,29.829391,27.074575,28.474524
349,28.283487,29.718254,26.951593,28.36253
351,27.523491,28.959051,26.193573,27.607279
352,28.046471,29.479252,26.714689,28.123192
353,28.038216,29.47047,26.706385,28.115269
354,27.7258,29.161018,26.395288,27.808226
355,28.517477,29.952085,27.185076,28.595297
356,28.517477,29.952085,27.185076,28.595297
357,28.136896,29.517904,26.809082,28.177427
358,27.877323,29.314747,26.540653,27.950665
359,28.517477,29.952085,27.185076,28.595297
360,27.386997,28.828014,26.062971,27.489113
361,27.577126,29.013271,26.248255,27.664118
362,28.150278,29.576498,26.819372,28.222479
363,27.727732,29.168894,26.401968,27.826437
364,28.048153,29.49465,26.714125,28.134451
365,27.54903,28.97871,26.214609,27.61894
366,28.513161,29.947771,27.180765,28.591
367,28.517477,29.952085,27.185076,28.595297
368,28.3085,29.745373,26.975925,28.387926
369,28.406206,29.829744,27.074949,28.474884
370,27.832445,29.267517,26.501528,27.913841
371,27.268204,28.703655,25.938507,27.352547
372,28.517477,29.952085,27.185076,28.595297
373,28.103428,29.548401,26.769609,28.188608
374,27.416607,28.851957,26.08659,27.500174
375,27.674206,29.120239,26.347321,27.777462
376,27.704447,29.137169,26.368898,27.775272
377,27.661703,29.110163,26.333769,27.762747
378,28.366608,29.80315,27.033995,28.445662
379,27.860619,29.315655,26.533571,27.970102
380,27.514553,28.94854,26.18087,27.590025
381,29.089153,29.841816,27.762373,28.498129
382,27.409716,28.849846,26.08065,27.500063
383,28.156384,29.544994,26.82889,28.199165
384,28.123774,29.873577,26.639233,28.386478
385,29.392849,31.158983,27.897884,29.657562
386,29.242336,31.006535,27.748608,29.506811
387,28.326895,30.075842,26.841927,28.587984
388,28.275494,30.027252,26.789705,28.538441
389,28.456808,29.874685,27.130098,28.525827
390,28.66757,30.06428,27.344934,28.719053
391,28.666039,30.059237,27.343,28.714012
392,28.42252,29.822906,27.092428,28.473021
393,28.703003,30.149796,27.38476,28.805611
394,27.744051,29.117878,26.425388,27.780024
395,28.260147,29.697773,26.929642,28.345535
396,28.676439,30.07226,27.353971,28.727182
397,28.585505,30.079845,27.259699,28.728832
398,28.33979,29.769421,27.010822,28.41855
399,28.268135,29.624352,26.932484,28.267115
400,28.263052,29.701187,26.932592,28.348961
401,28.237982,29.680143,26.90686,28.327358
402,28.66263,30.135578,27.341482,28.788483
403,28.689457,30.11025,27.369055,28.765608
404,28.676439,30.07226,27.353971,28.727182
405,27.419899,28.791311,26.099459,27.453186
406,28.089417,28.906639,26.740746,27.550694
407,27.745171,28.542957,26.389807,27.179125
408,27.745171,28.542957,26.389807,27.179125
409,27.457554,28.527679,26.117081,27.178009
410,28.326473,29.046017,26.971542,27.68469
411,29.26088,29.555101,27.921989,28.209032
412,28.067532,28.894962,26.717449,27.537748
413,27.330004,28.598389,25.987886,27.244488
414,27.682806,28.596426,26.330929,27.235386
415,28.227909,28.995316,26.875294,27.636044
416,27.348997,28.597364,26.006174,27.242878
417,26.905642,28.567656,25.537598,27.158653
418,26.905642,28.567656,25.537598,27.158653
419,28.71467,30.391521,27.341097,28.973577
420,28.813135,30.479357,27.439713,29.062901
421,28.706453,30.384245,27.332861,28.966162
422,28.712162,30.389282,27.338587,28.971306
423,26.905642,28.567656,25.537598,27.158653
424,28.801636,30.469097,27.428196,29.052467
425,28.630346,30.30747,27.256992,28.889778
426,28.705997,30.383785,27.332415,28.965714
427,26.905642,28.567656,25.537598,27.158653
428,28.705997,30.383785,27.332415,28.965714
429,27.366829,29.030552,25.999342,27.623631
430,27.874941,29.542517,26.506628,28.134903
431,26.905642,28.567656,25.537598,27.158653
432,28.540995,30.217352,27.167988,28.800343
433,28.705997,30.383785,27.332415,28.965714
434,28.705997,30.383785,27.332415,28.965714
435,27.497276,29.151627,26.12838,27.741535
436,27.101463,28.756084,25.733528,27.347412
437,28.705997,30.383785,27.332415,28.965714
438,28.360258,30.034193,26.989853,28.62393
439,28.518017,30.194157,27.145012,28.777033
440,28.006664,29.461681,26.621866,28.079243
441,28.099295,29.583075,26.7038,28.192181
442,27.934719,29.399912,26.545061,28.013754
443,29.11413,30.55439,27.722111,29.163826
444,28.86116,30.381004,27.460197,28.984062
445,28.489805,29.87203,27.105051,28.48329
446,27.997118,29.45141,26.612497,28.069132
447,28.600307,29.998898,27.211725,28.608259
448,29.790848,30.356173,28.427797,28.978035
449,29.13224,30.570393,27.742023,29.181446
450,29.318733,30.28117,27.94541,28.894444
451,27.876575,29.352167,26.482119,27.962318
452,29.216106,30.268026,27.836884,28.878555
454,28.81114,29.97872,27.423168,28.58638
455,28.835215,29.991196,27.447119,28.598715
457,28.475681,29.910294,27.079096,28.512367
458,28.299261,29.721895,26.903807,28.325422
459,28.510237,29.941706,27.113346,28.544157
460,28.962994,30.262577,27.591337,28.875864
461,28.401463,29.886364,27.009153,28.497236
462,28.668144,29.941162,27.279955,28.548918
464,29.225992,30.653378,27.845766,29.273443
465,27.875473,29.351013,26.481026,27.96117
468,29.657032,30.218573,28.300592,28.843719
469,27.875473,29.351013,26.481026,27.96117
471,29.575682,30.260595,28.206017,28.876392
473,27.997118,29.45141,26.612497,28.069132
475,28.21361,29.691679,26.817581,28.300594
476,28.999598,30.403856,27.603924,28.997082
477,29.054323,30.458082,27.667809,29.07139
478,29.709112,30.409067,28.309137,29.002224
479,28.547815,29.990273,27.166124,28.609943
480,28.475878,29.955908,27.078627,28.563866
481,29.11413,30.55439,27.722111,29.163826
482,29.709112,30.409067,28.309137,29.002224
483,29.258442,30.282087,27.885382,28.896948
484,29.661558,30.229452,28.29464,28.846962
485,29.530434,31.018349,28.128262,29.62244
486,29.073927,30.534538,27.679417,29.142128
487,28.906841,30.146313,27.526342,28.757488
488,29.26133,30.261814,27.881674,28.871885
489,28.919821,30.308741,27.543421,28.922274
491,28.986937,30.373178,27.602768,28.987968
492,28.507046,29.892796,27.123825,28.504
493,29.714037,30.528627,28.313074,29.120556
494,27.582399,29.47057,26.092283,27.96129
495,28.98665,30.876879,27.483778,29.350367
496,27.217281,29.083731,25.725191,27.568203
497,28.033667,29.893385,26.540287,28.375736
498,23.501429,25.399466,22.015961,23.894987
499,29.256834,31.121504,27.76091,29.600842
500,28.015272,29.894667,26.518688,28.37915
501,28.897917,30.777374,27.402449,29.259289
502,27.103823,28.989702,25.612694,27.477394
503,25.892052,27.784922,24.404533,26.27853
504,26.834604,28.711971,25.346466,27.202871
505,29.422096,31.303362,27.922455,29.778223
506,30.101944,31.97044,28.597088,30.433533
508,28.004654,29.937567,26.496122,28.399912
509,29.543255,31.417004,28.0464,29.895718
512,29.044149,30.951963,27.537926,29.416889
513,29.677673,31.566902,28.172308,30.030111
515,27.347189,29.287497,25.84021,27.748201
516,27.185629,29.14113,25.679337,27.599627
518,26.297323,28.243904,24.792398,26.706453
519,24.185425,26.145674,22.697161,24.632643
520,29.357025,31.315609,27.851845,29.778929
521,25.79925,27.75272,24.320467,26.253696
522,27.603136,29.565334,26.097252,28.026323
523,27.206957,29.164059,25.700686,27.622852
524,27.993519,29.959549,26.48992,28.425032
525,26.71801,28.67918,25.220554,27.154045
526,27.432228,29.391857,25.926453,27.852901
527,29.243092,31.20191,27.737869,29.665081
528,25.993038,27.938475,24.488138,26.400942
529,28.352905,30.254429,26.850372,28.722025
530,28.417561,29.132408,26.953272,27.655106
531,29.440317,31.398727,27.935169,29.86216
532,26.910503,28.683947,25.426598,27.185459
533,26.796549,28.648306,25.311878,27.144676
534,27.861094,29.734879,26.368145,28.226244
535,25.092682,26.983234,23.612173,25.488258
536,27.847656,29.708435,26.356319,28.20219
537,27.813478,29.287605,26.33498,27.791058
538,27.257893,29.135592,25.775494,27.635302
539,26.748013,28.633621,25.269196,27.141062
540,28.258926,30.042149,26.778912,28.544807
541,28.793474,30.668743,27.312437,29.169355
542,26.709101,28.600683,25.230288,27.107437
543,29.083361,30.68815,27.631687,29.232285
544,29.262806,30.876133,27.804972,29.414118
545,29.597645,31.228905,28.127544,29.754501
546,29.015543,30.616592,27.566532,29.163425
547,28.569515,30.146969,27.138884,28.712175
548,29.115932,30.721392,27.663469,29.264807
549,28.625032,30.206186,27.191254,28.768372
550,28.70611,30.101309,27.330317,28.715942
551,28.030987,29.488321,26.641033,28.090067
552,27.942911,29.404287,26.556986,28.010059
553,27.948698,29.465834,26.566055,28.073311
554,28.582474,30.116642,27.205982,28.729702
555,28.500221,29.981834,27.126648,28.598022
556,28.363964,29.838039,26.976227,28.443964
557,28.269526,29.733347,26.878237,28.3347
558,29.070488,29.920822,27.668949,28.51553
559,28.547573,30.030846,27.160934,28.639118
560,28.073763,29.541071,26.699383,28.15641
561,28.053295,29.510078,26.662933,28.111362
562,28.094784,29.561657,26.708681,28.168062
563,27.093313,28.647005,25.723213,27.264694
564,27.942493,29.407194,26.55699,28.012968
565,28.835423,30.32106,27.444519,28.92535
566,28.771753,30.252146,27.397539,28.868048
567,28.320999,29.786808,26.929745,28.388428
568,28.835423,30.32106,27.444519,28.92535
569,28.111788,29.640596,26.730032,28.249123
570,28.793152,30.203354,27.41853,28.81901
571,28.565586,30.117157,27.186569,28.727972
572,28.625666,30.180271,27.247021,28.791395
573,28.715519,30.089586,27.378292,28.744431
574,28.715044,30.089128,27.377813,28.74399
575,29.142603,30.457623,27.810469,29.119051
576,28.715044,30.089128,27.377813,28.74399
577,28.855976,30.23217,27.52022,28.889025
578,25.991207,27.918804,24.598604,26.486641
579,26.639542,28.589886,25.247229,27.161043
580,24.327486,26.202644,22.941948,24.766521
581,22.383579,24.25721,20.990759,22.818008
582,22.577589,24.451965,21.18531,23.012972
583,20.651569,22.492968,19.259825,21.053122
584,22.964933,24.839483,21.57415,23.401129
585,23.656893,25.545397,22.266493,24.109564
586,24.480999,26.360298,23.09561,24.925089
587,24.173433,26.073566,22.781643,24.63826
588,18.963642,20.786375,17.577248,19.34745
589,23.841522,25.3531,22.487238,23.970535
590,27.055454,28.311661,25.697512,26.929544
591,27.166964,28.856699,25.787151,27.451071
592,25.80661,26.853329,24.45717,25.478512
593,26.479092,28.189922,25.099653,26.782127
594,27.269274,28.879013,25.896576,27.479328
595,27.105345,28.001242,25.755827,26.628803
596,23.443899,25.141853,22.076429,23.743284
597,27.525383,28.71694,26.151985,27.318851
598,26.28396,27.905712,24.912985,26.506483
599,24.238817,25.583035,22.887045,24.20335
600,27.55265,29.115059,26.182842,27.718851
601,27.199791,28.801575,25.827898,27.402603
602,24.791515,26.544046,23.411839,25.133154
603,26.624634,26.963812,25.28796,25.601448
605,27.706112,29.040545,26.336443,27.645466
606,26.903837,28.066669,25.549511,26.688848
607,25.18906,26.853605,23.817392,25.452164
608,26.411066,28.142866,25.029907,26.733482
609,27.567539,29.139122,26.197382,27.742493
610,27.567539,29.139122,26.197382,27.742493
611,23.674253,25.398006,22.301622,23.9935
612,24.813015,26.319437,23.455492,24.934725
613,23.342583,25.087118,21.957735,23.659222
614,27.345325,29.057697,25.957918,27.636446
615,28.113712,29.787399,26.729416,28.378073
616,27.445904,29.197136,26.054771,27.772713
617,27.889521,29.539454,26.510963,28.137354
618,27.880713,29.574165,26.495007,28.15551
619,28.120895,29.793346,26.736652,28.384151
620,23.397625,25.164516,22.008583,23.733198
621,26.737753,28.469339,25.349171,27.044874
622,25.827707,27.589661,24.436836,26.160564
623,26.733131,28.502041,25.34124,27.074133
624,28.052862,29.738279,26.668007,28.327564
625,27.198437,28.970989,25.806009,27.543678
626,27.740669,29.466507,26.35107,28.045513
627,24.230953,26.011543,22.838148,24.578539
628,25.874996,27.635372,24.484243,26.206516
629,26.395927,28.162275,25.00441,26.733915
630,28.309357,29.986198,26.922731,28.57184
631,28.12022,29.792652,26.735985,28.383476
632,28.047644,29.72991,26.664001,28.320513
633,28.12022,29.792652,26.735985,28.383476
634,28.12022,29.792652,26.735985,28.383476
635,27.481213,29.187035,26.094885,27.766521
636,28.061108,29.748543,26.675852,28.330799
637,27.756821,29.481262,26.367306,28.060461
638,28.182953,29.85685,26.797924,28.44595
639,28.281996,29.962339,26.895458,28.547272
640,28.12022,29.792652,26.735985,28.383476
641,25.514702,27.274462,24.12459,25.845516
642,27.516872,29.187138,26.137691,27.783253
643,22.904619,24.656,21.521856,23.228535
644,24.391085,26.131321,23.005627,24.704615
645,27.460093,29.141821,26.080976,27.725372
646,28.12022,29.792652,26.735985,28.383476
647,28.354872,29.777412,27.014839,28.420401
648,27.002119,28.363894,25.675291,27.027006
649,28.674953,30.052633,27.338964,28.701788
650,28.418716,29.78726,27.085835,28.44059
651,27.972296,29.468828,26.633759,28.109438
652,28.284912,29.681469,26.947966,28.327456
653,28.89855,30.272333,27.55971,28.921268
654,28.246178,29.644196,26.909233,28.290028
655,27.972296,29.468828,26.633759,28.109438
656,28.560865,29.927557,27.232077,28.580864
657,27.765453,29.130899,26.434475,27.788883
658,27.473251,28.838673,26.147936,27.496914
659,29.027082,29.913155,27.69038,28.553364
660,28.406984,29.877131,27.063389,28.515993
661,28.637545,30.0054,27.306337,28.657988
662,28.561516,29.928215,27.232702,28.581514
663,28.859211,30.231518,27.521339,28.881355
664,27.972296,29.468828,26.633759,28.109438
665,28.573187,29.953688,27.248268,28.622227
666,27.291075,28.670971,25.971302,27.344038
667,28.729355,30.102905,27.392332,28.757259
668,26.890671,28.254494,25.565079,26.91642
669,26.534836,27.899223,25.212561,26.561785
670,28.810242,30.180712,27.473576,28.831676
671,28.248589,29.657095,26.913359,28.303442
672,26.983253,28.34557,25.656807,27.00915
673,27.002119,28.363894,25.675291,27.027006
674,27.328726,28.728901,26.014793,27.410091
675,28.810242,30.180712,27.473576,28.831676
676,28.810242,30.180712,27.473576,28.831676
677,28.319824,29.696173,26.992884,28.361874
678,28.527218,29.897839,27.197611,28.550331
679,28.797146,30.168114,27.460402,28.819613
680,28.80999,30.180458,27.473335,28.831429
681,27.973061,29.469547,26.634518,28.110157
682,28.485935,29.86005,27.155224,28.511593
683,27.394438,28.738781,26.081573,27.421251
684,27.050171,28.412176,25.723085,27.074968
685,28.24444,29.642487,26.907509,28.288324
686,28.752443,30.122639,27.416096,28.773993
687,28.190357,29.649017,26.854681,28.29291
688,28.450397,29.829433,27.125328,28.497547
689,27.047325,28.412514,25.722069,27.077791
690,28.810242,30.180712,27.473576,28.831676
691,27.368828,29.343349,25.980524,27.921417
692,27.196062,29.166761,25.811733,27.753139
693,27.488937,29.467916,26.099125,28.044804
694,27.506342,29.490358,26.119907,28.076498
695,28.082884,30.086468,26.686815,28.66074
696,27.338776,29.337334,25.943104,27.917149
697,27.368437,29.342871,25.980007,27.92061
698,27.423168,29.402369,26.036955,27.987087
699,26.169832,28.088167,24.787195,26.662621
700,27.956667,29.963434,26.560221,28.540007
701,24.962704,26.841049,23.596966,25.453127
702,25.258923,27.176805,23.876459,25.776148
703,25.917456,27.844658,24.540691,26.435741
704,28.101772,30.115192,26.707741,28.695881
705,26.727507,28.683077,25.344376,27.280022
706,26.179766,28.111614,24.801712,26.700289
707,27.492729,29.47337,26.103527,28.052013
708,24.059826,25.981789,22.674433,24.57753
709,28.083117,30.084515,26.686508,28.657215
710,27.758247,29.755032,26.36869,28.339119
711,26.235928,28.103634,24.864939,26.715429
712,28.192463,30.197117,26.794518,28.769619
713,28.091883,30.09893,26.696487,28.675385
714,27.014248,28.976059,25.625286,27.551491
715,27.837397,29.838207,26.446861,28.42165
716,28.083117,30.084515,26.686508,28.657215
717,24.084021,25.967678,22.710762,24.561726
718,25.062454,26.976753,23.689117,25.575573
719,27.058174,29.013351,25.674366,27.594048
720,28.065662,30.066401,26.669256,28.639225
721,26.258116,28.197773,24.883509,26.801352
722,27.368437,29.342871,25.980007,27.92061
723,25.462906,27.401701,24.074068,25.992159
724,27.932365,29.931343,26.535807,28.507687
725,26.485882,28.419722,25.101675,26.99663
726,27.792404,29.798223,26.395334,28.37512
727,27.482189,29.486935,26.0875,28.068602
728,21.632734,23.495455,20.236687,22.06093
729,21.455721,23.308653,20.056763,21.868656
730,21.169222,23.028406,19.769993,21.58861
731,26.741816,28.657217,25.348019,27.230715
732,28.321402,30.315283,26.92601,28.891548
733,26.954351,28.895601,25.55582,27.463755
734,24.003685,25.899546,22.604528,24.4624
735,20.585791,22.449068,19.186716,21.008339
736,28.025246,29.809624,26.656385,28.394283
737,28.025246,29.809624,26.656385,28.394283
738,27.500368,29.199224,26.125639,27.78447
739,25.232368,26.96467,23.857212,25.545361
740,27.920816,29.595514,26.542341,28.180351
741,27.920816,29.595514,26.542341,28.180351
742,27.579268,29.320082,26.208076,27.905224
743,26.89238,28.622873,25.519728,27.206955
744,28.025246,29.809624,26.656385,28.394283
745,27.920816,29.595514,26.542341,28.180351
746,27.509689,29.243704,26.138126,27.828913
747,27.474272,29.264654,26.104578,27.847692
748,28.514526,30.329605,27.1455,28.912016
749,27.279612,28.99115,25.906849,27.576614
750,25.050213,26.784365,23.674845,25.36463
751,27.279612,28.99115,25.906849,27.576614
752,28.043894,29.829348,26.675039,28.413939
753,25.677252,27.390141,24.298172,25.970045
754,26.31749,28.016645,24.936779,26.597019
755,28.025246,29.809624,26.656385,28.394283
756,27.489847,29.097099,26.123623,27.691891
757,27.411776,29.010889,26.045866,27.606291
758,28.77006,30.434925,27.396864,29.018816
759,28.248091,29.89653,26.877665,28.48461
760,27.711943,29.34351,26.34436,27.935888
761,27.313967,28.902508,25.948606,27.498896
762,27.024063,28.533369,25.660435,27.133383
763,28.115805,29.682924,26.746662,28.274748
764,27.297686,28.797962,25.93103,27.394138
767,27.244661,28.825706,25.879686,27.422794
768,27.642773,29.266861,26.275576,27.859936
769,26.968998,28.496691,25.606682,27.098133
770,27.472837,28.987555,26.105652,27.582804
771,28.496681,30.09581,27.126444,28.685671
772,27.244661,28.825706,25.879686,27.422794
773,27.168291,28.734556,25.804054,27.332851
774,27.244661,28.825706,25.879686,27.422794
775,27.155193,28.643721,25.788956,27.240639
776,27.915157,29.501482,26.547289,28.094669
777,27.997585,29.555569,26.628836,28.148054
779,27.817045,29.360144,26.448837,27.953583
780,27.438082,29.021919,26.072298,27.617897
781,27.244661,28.825706,25.879686,27.422794
783,27.350601,28.930178,25.986383,27.528376
784,28.813135,30.479357,27.439713,29.062901
785,28.204758,29.799671,26.835747,28.391216
786,27.37464,28.986521,26.001553,27.572449
787,28.523783,30.180897,27.151892,28.766762
788,27.963623,29.518806,26.594978,28.111475
789,27.244661,28.825706,25.879686,27.422794
791,28.429581,30.299446,26.945398,28.810623
792,28.297466,30.172873,26.812273,28.682215
793,29.301487,31.138769,27.831944,29.670593
794,28.163774,30.073551,26.669544,28.568455
795,29.620296,31.440788,28.16238,29.986124
796,28.405008,30.275486,26.920692,28.786434
797,30.284832,32.108448,28.810551,30.636776
798,29.35577,31.184292,27.894485,29.725399
799,28.405008,30.275486,26.920692,28.786434
800,30.185228,32.010227,28.711428,30.538912
801,29.837971,31.672729,28.361305,30.196924
802,28.405008,30.275486,26.920692,28.786434
803,25.776026,27.673443,24.296688,26.186993
804,28.357185,30.213446,26.890261,28.745432
805,28.441109,30.310684,26.95698,28.821962
806,28.316463,30.190998,26.831425,28.700626
807,28.405008,30.275486,26.920692,28.786434
808,28.77952,30.624054,27.312489,29.157734
809,28.77952,30.624054,27.312489,29.157734
810,29.670448,31.499666,28.213968,30.045204
811,27.293558,29.214979,25.800186,27.709354
812,27.571171,29.437096,26.098709,27.962133
813,29.459421,31.294508,27.989117,29.825771
814,25.172483,27.076088,23.694288,25.590231
815,28.151056,30.06333,26.682831,28.584496
816,25.172483,27.076088,23.694288,25.590231
817,27.176767,29.086205,25.705284,27.605078
818,26.728252,28.636383,25.255262,27.154192
819,25.59927,27.551855,24.110313,26.046846
820,25.988167,27.943613,24.491253,26.429264
821,23.984253,25.971272,22.488697,24.447706
822,24.059984,26.015261,22.577709,24.513626
823,27.029676,28.938684,25.557697,27.457209
825,26.393934,28.33206,24.902842,26.826672
826,25.172483,27.076088,23.694288,25.590231
827,27.281343,29.203323,25.787872,27.697521
828,29.447309,31.347961,27.988194,29.875759
830,24.363007,26.328707,22.874376,24.819504
831,28.139383,30.051725,26.671124,28.572844
832,25.49987,27.4228,24.021383,25.932409
833,25.431309,27.385382,23.942961,25.880617
834,25.172483,27.076088,23.694288,25.590231
835,25.172483,27.076088,23.694288,25.590231
836,24.424925,26.401007,22.930513,24.885784
837,28.151056,30.06333,26.682831,28.584496
838,25.253723,27.158321,23.775034,25.671741
839,27.18848,29.10955,25.6959,27.60486
840,28.130888,30.043367,26.662615,28.564423
841,25.521782,27.475777,24.033033,25.970806
842,25.521782,27.475777,24.033033,25.970806
843,26.67919,28.587179,25.206039,27.104876
844,27.84757,29.723761,26.364307,28.235258
845,29.289185,31.15881,27.830946,29.69676
846,25.521782,27.475777,24.033033,25.970806
847,25.172483,27.076088,23.694288,25.590231
848,27.672468,29.570839,26.183783,28.0734
849,24.431654,26.381132,22.952196,24.88311
850,27.263493,29.186316,25.769886,27.68026
851,25.521782,27.475777,24.033033,25.970806
852,25.521782,27.475777,24.033033,25.970806
853,28.151056,30.06333,26.682831,28.584496
854,25.172483,27.076088,23.694288,25.590231
855,24.819872,26.807024,23.323601,25.280281
856,27.727629,29.237978,26.312323,27.813086
857,28.595604,30.028969,27.208158,28.627743
858,28.403763,29.836758,27.008129,28.429003
859,28.837383,30.298641,27.455544,28.902485
860,28.745651,30.209175,27.365015,28.813999
861,28.575653,30.091873,27.147444,28.65521
862,28.062998,29.523624,26.65403,28.103947
863,28.03792,29.474457,26.641409,28.065214
864,27.77767,29.267029,26.407606,27.880003
865,28.017408,29.470482,26.636951,28.075478
866,27.893003,29.341434,26.511639,27.945696
867,28.529783,29.955553,27.14081,28.552944
868,28.700689,30.164169,27.301403,28.753286
869,28.688944,30.204403,27.261366,28.768536
870,28.802189,30.31649,27.375368,28.881525
871,28.312046,29.793686,26.895155,28.367289
872,29.205648,29.916475,27.818146,28.517628
873,28.186867,29.615717,26.799568,28.214712
874,27.989716,29.439037,26.586491,28.024134
875,28.108791,29.543776,26.713362,28.135489
876,27.530075,28.964661,26.145966,27.566723
877,27.908806,29.348167,26.510311,27.93718
878,28.372614,29.84548,26.997496,28.454815
879,27.965883,29.407217,26.567253,27.996164
880,27.930595,29.418949,26.516455,27.994993
881,28.485004,29.944736,27.105164,28.550905
882,28.623327,30.155031,27.190311,28.714025
883,28.178848,29.627537,26.77972,28.216249
884,28.729374,30.060017,27.339886,28.658266
885,27.719618,29.152996,26.334211,27.753981
886,28.528734,29.955853,27.139406,28.553143
887,28.717978,29.99999,27.336569,28.605215
888,28.529276,29.95505,27.140303,28.552439
889,28.39027,29.870209,27.017904,28.481771
890,28.837383,30.298641,27.455544,28.902485
891,28.529783,29.955553,27.14081,28.552944
892,28.395079,29.874517,27.022516,28.485943
893,28.529783,29.955553,27.14081,28.552944
894,28.722597,30.172054,27.337814,28.773443
895,28.526806,29.956409,27.136824,28.553518
896,28.527378,29.962959,27.135843,28.559584
897,28.369942,29.816511,26.986317,28.41876
898,28.556658,30.019308,27.177498,28.626045
899,28.238207,30.175911,26.780991,28.696774
900,28.102085,30.035336,26.627068,28.537872
901,27.218454,29.156305,25.742144,27.658087
903,29.491659,31.445316,27.995224,29.913742
904,29.106138,31.010515,27.655123,29.542715
905,29.908955,31.843147,28.435568,30.341808
906,29.397442,31.326435,27.937475,29.844275
907,27.878998,29.51853,26.444632,28.071798
908,29.32456,31.235636,27.870037,29.762386
909,29.608917,31.559797,28.112087,30.027328
910,29.863417,31.787865,28.398315,30.29908
911,29.216255,31.150406,27.753107,29.663198
912,28.85573,30.791315,27.398338,29.311966
913,30.199451,32.134418,28.716513,30.619881
914,28.926615,30.861338,27.468889,29.381624
915,30.171818,32.091393,28.708179,30.605217
916,29.877728,31.811281,28.40551,30.311516
917,29.491659,31.445316,27.995224,29.913742
918,28.901493,30.818245,27.434948,29.333208
919,30.171535,32.091148,28.707794,30.604828
920,29.980684,31.916632,28.486032,30.385799
921,30.117344,32.053402,28.628807,30.531204
922,30.020048,31.961405,28.521914,30.425934
923,29.847645,31.792938,28.350611,30.259501
924,29.418053,31.337372,27.949167,29.847776
925,30.260534,32.193329,28.78277,30.685919
926,28.874111,30.809662,27.416454,29.329948
927,27.156235,29.070385,25.718119,27.617599
928,29.660549,31.582066,28.192934,30.092325
929,29.490297,31.405697,28.023615,29.919533
930,30.260534,32.193329,28.78277,30.685919
931,28.982725,30.916765,27.524734,29.43676
932,30.040949,31.962118,28.577934,30.476624
933,27.788563,29.693451,26.347967,28.238743
934,26.924498,28.534531,25.572525,27.152531
935,26.903202,28.51021,25.552048,27.129761
936,26.933718,28.543718,25.581739,27.161768
937,27.226414,28.82983,25.874348,27.44709
938,27.360229,28.935898,26.011564,27.556265
939,27.114138,28.697193,25.765968,27.318348
940,28.378803,29.626265,27.043352,28.263493
941,28.17761,29.647093,26.841433,28.283808
942,28.593895,29.781763,27.262735,28.423084
943,28.817339,30.283918,27.475601,28.91704
944,28.545475,30.023479,27.198153,28.651894
945,28.583828,30.064369,27.241899,28.696741
946,29.165586,29.736357,27.831451,28.374594
947,28.624903,30.097811,27.281723,28.729731
948,28.370388,29.853195,27.016537,28.476633
949,28.154331,29.656593,26.81978,28.29471
950,28.577934,30.052172,27.239647,28.687269
951,28.398623,29.89023,27.062576,28.527168
952,28.568987,30.045033,27.230762,28.68018
953,28.45303,29.917543,27.116663,28.55444
954,28.621452,30.094471,27.278276,28.726391
955,28.209972,29.692247,26.854391,28.314621
956,28.576967,30.058313,27.228165,28.685192
957,28.616623,30.086746,27.277624,28.721582
958,28.455803,29.920517,27.119392,28.557375
959,28.358482,29.742807,27.023958,28.38065
960,28.57465,30.052193,27.234119,28.685848
978,28.942955,30.72361,27.472145,29.258734
979,29.78895,31.51037,28.336637,30.06743
980,27.897619,29.683641,26.439106,28.231329
981,28.853327,30.585112,27.398825,29.139547
982,29.003036,30.806465,27.537224,29.34519
983,26.441147,28.19965,24.980989,26.747311
984,27.091669,28.862465,25.63225,27.410141
985,28.376831,30.152473,26.908434,28.690439
986,29.257446,30.992172,27.80018,29.54355
987,27.528147,29.295174,26.063578,27.837667
988,29.573994,31.386417,28.104408,29.920509
989,28.970091,30.750984,27.499168,29.285978
990,29.791584,31.513111,28.339211,30.070103
991,28.836039,30.568012,27.381493,29.122398
992,28.796944,30.576303,27.326756,29.112164
993,28.073462,29.862253,26.613787,28.408514
994,28.887989,30.6798,27.419706,29.216745
995,30.019918,31.586678,28.529068,30.090157
996,27.160236,29.049686,25.655403,27.531326
997,26.474388,28.31646,24.972246,26.80423
998,26.364948,28.209742,24.862572,26.697157
999,29.193512,31.134687,27.690647,29.616776
1000,25.86072,27.771521,24.351873,26.248011
1001,30.00548,31.806593,28.511045,30.304056
1002,27.190163,29.074036,25.679401,27.551378
1003,30.501633,31.827667,29.013174,30.335272
1004,29.742722,31.447617,28.250507,29.94874
1005,27.890194,29.802471,26.384703,28.282042
1006,26.481506,28.323399,24.97938,26.811193
1007,26.364948,28.209742,24.862572,26.697157
1008,30.501633,31.827667,29.013174,30.335272
1009,30.396049,31.774792,28.907068,30.281496
1010,29.414162,31.298075,27.920328,29.796417
1011,29.31628,31.022179,27.80678,29.503733
1012,29.382092,31.267023,27.888086,29.765057
1013,26.75551,28.603367,25.251823,27.089485
1014,29.382092,31.267023,27.888086,29.765057
1015,29.578754,31.486797,28.080971,29.978127
1016,26.364948,28.209742,24.862572,26.697157
1017,26.364948,28.209742,24.862572,26.697157
1018,27.787022,29.704201,26.280989,28.182684
1019,26.447998,28.290726,24.945805,26.778414
1020,27.646954,29.561445,26.140821,28.039959
1021,20.19025,22.055481,18.791361,20.613922
1022,19.172123,20.985521,17.77961,19.544538
1023,20.436602,22.261475,19.039207,20.819191
1024,20.339354,22.182327,18.941364,20.740393
1025,24.221079,26.128828,22.822546,24.691854
1026,26.593204,28.538963,25.195084,27.106188
1027,19.076017,20.888546,17.683876,19.44766
1028,20.267038,22.119692,18.868614,20.677904
1029,20.436602,22.261475,19.039207,20.819191
1030,19.404234,21.21974,18.010826,19.778517
1031,28.389917,29.763447,27.039701,28.406631
1032,28.329735,29.704842,26.979548,28.348909
1033,27.669804,29.057631,26.314873,27.700409
1034,28.312386,29.709732,26.955116,28.342199
1035,27.503128,28.875631,26.136745,27.504286
1036,27.636932,29.094532,26.304127,27.759356
1037,27.881107,29.342564,26.554874,28.01321
1038,28.45085,29.846884,27.100191,28.484949
1039,29.053581,30.44519,27.690048,29.071108
1040,28.657179,30.032166,27.309837,28.682093
1041,29.104189,30.473515,27.758545,29.123373
1042,27.48538,29.005575,26.151134,27.670258
1043,27.907879,29.34775,26.572521,28.009863
1044,27.373411,28.76487,26.016357,27.40563
1045,28.236845,29.633219,26.888626,28.283779
1046,28.072094,29.449257,26.721344,28.094046
1047,26.85681,28.243406,25.500418,26.883137
1048,28.275599,29.677479,26.922987,28.313557
1049,26.531773,27.923168,25.173004,26.561085
1050,26.763525,28.142996,25.406807,26.780796
1051,29.167551,30.536207,27.821886,29.185556
1052,29.217592,30.589069,27.870794,29.235548
1053,28.666887,30.063168,27.305344,28.69145
1054,27.16819,28.542627,25.806101,27.175138
1055,27.473368,28.859716,26.107792,27.490511
1056,29.207132,30.575483,27.86165,29.224993
1057,28.043365,29.435089,26.691202,28.072905
1058,27.876463,29.406469,26.553831,28.081663
1059,27.124804,28.502298,25.769634,27.140676
1060,27.920151,29.291975,26.552589,27.919159
1061,29.207378,30.575804,27.861864,29.225239
1062,28.223358,29.624382,26.870605,28.260502
1063,27.047186,28.518278,25.665949,27.141331
1064,27.232512,28.637123,25.866938,27.271931
1065,29.543205,31.067087,28.139252,29.670422
1066,28.345806,29.780342,26.978617,28.415049
1067,27.926392,29.522648,26.587383,28.183832
1068,28.07374,29.581617,26.719034,28.22813
1069,27.597067,29.002295,26.232536,27.638258
1070,26.545101,27.934946,25.186352,26.572565
1071,28.391081,29.931648,26.999744,28.546904
1072,29.530434,31.018349,28.128262,29.62244
1073,27.453922,28.857813,26.08852,27.490974
1074,26.923723,28.325298,25.560678,26.961283
1075,26.821749,28.221315,25.46032,26.85825
1076,28.218998,29.642723,26.86223,28.286409
1077,28.443575,29.872948,27.068827,28.500841
1078,27.262634,28.749491,25.885416,27.376175
1079,27.135542,28.607233,25.753563,27.229614
1080,27.818392,29.370367,26.448988,28.004652
1081,27.950424,29.515438,26.569954,28.14057
1082,27.464167,28.938084,26.079416,27.557955
1083,27.964211,29.42378,26.594612,28.056723
1084,27.12484,28.530258,25.758718,27.164402
1085,27.323587,28.800339,25.940166,27.421497
1086,28.123716,29.518499,26.753218,28.145596
1087,28.014578,29.554264,26.627596,28.173479
1088,26.09976,28.061731,24.609999,26.543236
1089,30.114176,32.041355,28.630922,30.526932
1090,28.617529,30.583746,27.1092,29.034943
1091,27.437111,29.414829,25.926458,27.865219
1092,27.07468,29.047596,25.578331,27.518156
1093,29.387743,31.342041,27.887014,29.802689
1094,29.88896,31.830931,28.386494,30.288853
1095,27.135523,29.091503,25.627251,27.545626
1096,28.906132,30.846346,27.420433,29.330404
1097,29.918785,31.860687,28.419647,30.323868
1098,26.531696,28.485931,25.022848,26.940145
1099,27.194304,29.149584,25.68799,27.607965
1100,29.741705,31.688532,28.237915,30.144592
1101,30.133369,32.058033,28.656603,30.552952
1102,29.621929,31.546143,28.152374,30.053673
1103,30.140471,32.068645,28.658194,30.555475
1104,27.455599,29.422134,25.945807,27.873468
1105,28.871876,30.81945,27.370468,29.281622
1106,27.682041,29.171196,26.325771,27.797489
1107,28.08584,29.57233,26.729315,28.199234
1108,27.992153,29.42482,26.630161,28.047691
1109,28.433836,29.90106,27.084064,28.530052
1110,28.005011,29.4662,26.642544,28.088802
1111,28.293791,29.783926,26.91939,28.399424
1112,28.718586,30.003893,27.340221,28.616636
1113,28.708778,29.365957,27.331881,27.980623
1114,28.891485,30.091793,27.511732,28.703562
1115,28.192331,29.70289,26.81996,28.319647
1116,27.992216,29.479349,26.635752,28.106106
1117,27.905661,29.441483,26.543337,28.064058
1118,28.436604,29.826691,27.060476,28.441046
1119,28.193998,29.602125,26.826639,28.222292
1120,28.689302,29.307819,27.310701,27.921261
1121,28.452713,29.617012,27.083036,28.236263
1122,27.669794,29.159029,26.31353,27.785301
1123,27.497267,28.985149,26.142128,27.611403
1124,27.337955,28.82935,25.981903,27.455137
1125,27.981588,29.325686,26.623547,27.95118
1126,28.382448,29.625385,27.012997,28.244669
1127,28.433836,29.90106,27.084064,28.530052
1128,27.993618,29.550194,26.625963,28.169846
1129,27.337955,28.82935,25.981903,27.455137
1130,28.254911,30.17491,26.864908,28.728207
1131,26.28076,28.146357,24.889257,26.706181
1132,27.914623,29.809658,26.524166,28.36451
1133,28.338644,30.190792,26.952274,28.750122
1134,24.890438,26.780258,23.503883,25.338221
1135,28.411493,30.324371,27.029116,28.888615
1136,25.245537,27.071882,23.856838,25.637081
1137,27.80625,29.678682,26.417091,28.235256
1138,27.845238,29.744034,26.452223,28.298685
1139,26.597219,28.424059,25.208826,26.986431
1140,28.323252,30.249844,26.935726,28.807465
1141,28.239088,30.138628,26.850489,28.693243
1142,27.582968,29.463604,26.190582,28.019384
1143,28.309525,30.237476,26.921211,28.793882
1144,28.054028,29.969517,26.662092,28.523098
1145,27.340622,29.265034,25.951977,27.818869
1146,27.994473,29.924475,26.604263,28.477362
1147,28.414381,30.332764,27.031374,28.897234
1148,27.608465,29.490236,26.216002,28.045929
1149,26.081743,27.974733,24.691423,26.532377
1150,27.422823,29.287455,26.032478,27.84416
1151,28.264435,30.196743,26.873589,28.749249
1152,27.776556,29.67034,26.383223,28.225319
1153,28.235464,30.134666,26.847105,28.689672
1154,28.289179,30.164873,26.901703,28.721863
1155,27.002708,28.914999,25.612711,27.469988
1156,28.239088,30.138628,26.850489,28.693243
1157,27.799343,29.680077,26.409803,28.235817
1158,28.264435,30.196743,26.873589,28.749249
1159,28.264435,30.196743,26.873589,28.749249
1160,27.651628,29.578693,26.262236,28.132076
1161,28.239611,30.141335,26.851068,28.696159
1162,24.231869,26.082756,22.846123,24.651194
1163,23.907726,25.776423,22.523008,24.34026
1164,23.259369,25.124514,21.87656,23.686184
1165,25.580717,27.484344,24.197001,26.054827
1166,24.404068,26.268608,23.022348,24.833536
1167,24.516834,26.384325,23.134008,24.94875
1168,26.076183,27.991428,24.693148,26.564585
1169,23.247952,25.111031,21.866665,23.679234
1170,23.607222,25.481306,22.222713,24.042894
1171,23.479565,25.357824,22.100502,23.931747
1172,20.806789,22.646311,19.42448,21.207441
1173,23.887527,25.76939,22.507614,24.342356
1174,23.977167,25.854794,22.593899,24.412991
1175,24.376919,26.251873,22.991646,24.815857
1176,24.367512,26.242689,22.982128,24.806633
1177,25.384563,27.016127,24.027424,25.633537
1178,26.596292,28.219845,25.244562,26.8535
1179,27.585932,29.202427,26.226757,27.81601
1180,27.839718,29.431847,26.480516,28.045166
1181,28.243631,29.844658,26.901913,28.490686
1182,27.293049,28.942047,25.935541,27.562029
1183,26.704065,28.343121,25.346127,26.961906
1184,27.72369,29.133177,26.375942,27.771967
1185,25.254339,26.872101,23.898928,25.497974
1186,27.86018,29.450445,26.517403,28.094984
1187,26.050219,27.686169,24.693108,26.307018
1188,26.922487,28.476048,25.566137,27.093555
1189,26.781799,28.347731,25.426214,26.970982
1190,27.017582,28.491322,25.665123,27.120832
1191,27.719305,29.30381,26.376307,27.947466
1192,27.634762,29.183483,26.278696,27.800074
1193,26.765362,28.331377,25.409777,26.954639
1194,26.885374,28.467226,25.535599,27.101631
1196,26.790291,28.341848,25.434137,26.960468
1197,27.416546,28.974997,26.060984,27.595888
1198,27.957623,29.511049,26.602123,28.130564
1199,24.186468,25.803518,22.8297,24.419666
1200,27.438427,28.764738,26.08732,27.396477
1201,25.208336,26.807941,23.851738,25.424929
1202,28.054678,29.600021,26.698814,28.219486
1203,26.587305,28.139959,25.230927,26.759539
1204,25.830446,27.394918,24.554142,26.121492
1205,30.053953,30.168358,28.766779,28.873449
1206,28.136913,29.618013,26.871811,28.349081
1207,28.428143,29.499632,27.190186,28.262674
1208,27.656088,29.189306,26.418331,27.953539
1209,26.363342,27.813625,25.114321,26.568922
1210,27.809763,29.25441,26.48962,27.926622
1211,30.066011,30.164608,28.777784,28.876165
1212,27.607689,29.099304,26.293451,27.776222
1213,27.848146,29.322802,26.544157,28.010201
1214,29.84391,30.279993,28.563936,28.994326
1215,27.831528,29.398487,26.562279,28.126532
1216,27.891426,29.482323,26.590067,28.177244
1217,28.126604,29.593721,26.834614,28.295113
1218,29.71611,30.256592,28.436274,28.971926
1219,26.18803,27.702303,24.915951,26.434958
1220,26.375999,27.844322,25.101646,26.570351
1221,26.62822,28.061253,25.358599,26.796385
1222,26.789278,28.263538,25.5434,27.021004
1223,27.368637,28.89064,26.094448,27.615061
1224,27.860205,29.404825,26.581007,28.123978
1225,27.630222,28.920839,26.367577,27.663935
1226,28.003139,29.59375,26.71796,28.305773
1227,27.890202,29.714127,26.510096,28.285395
1228,28.799576,30.533554,27.417112,29.100859
1229,28.297525,30.129522,26.913317,28.693106
1230,28.233446,30.039646,26.853395,28.611296
1231,28.378826,30.211987,26.993345,28.773199
1232,27.352287,29.10692,25.975819,27.686054
1233,28.814085,30.549105,27.435413,29.1243
1234,28.850607,30.581152,27.472023,29.156567
1235,26.964745,28.776596,25.58637,27.351023
1236,28.850607,30.581152,27.472023,29.156567
1237,28.090654,29.934475,26.709589,28.503372
1238,28.850607,30.581152,27.472023,29.156567
1239,28.129799,29.95779,26.748333,28.526514
1240,28.842422,30.573519,27.463213,29.147631
1241,27.147379,28.959244,25.768721,27.533224
1242,28.076895,29.90242,26.696451,28.473078
1243,28.44425,30.261925,27.059216,28.824038
1244,28.665794,30.431038,27.282255,28.996166
1245,28.359928,30.192833,26.974741,28.754595
1246,28.252552,30.056408,26.872545,28.628172
1247,28.682116,30.438717,27.301857,29.010546
1248,28.850607,30.581152,27.472023,29.156567
1249,28.243324,29.844852,26.890423,28.457285
1250,27.534859,29.317558,26.167744,27.907104
1251,28.264126,29.89465,26.909636,28.503927
1252,28.581203,30.487001,27.200413,29.05365
1253,28.403671,29.932764,27.04809,28.544689
1254,27.744225,29.62405,26.366709,28.192497
1255,28.567137,30.477415,27.185785,29.043156
1256,28.253807,29.846565,26.900763,28.459143
1257,28.752104,30.603474,27.378056,29.181122
1258,28.601778,30.501026,27.221796,29.068996
1259,28.671398,30.52709,27.296745,29.103813
1260,27.418724,29.286507,26.042721,27.856016
1261,28.794107,30.633875,27.422935,29.213715
1262,28.375935,29.866554,27.021147,28.480743
1263,27.266567,29.030506,25.901346,27.623308
1264,28.212669,29.822859,26.858965,28.434488
1265,28.782763,30.625664,27.410812,29.204908
1266,28.827353,30.657938,27.45846,29.239506
1267,28.069658,29.717321,26.712555,28.325392
1268,27.550987,29.265823,26.189215,27.865257
1269,27.649891,29.40107,26.28686,27.996212
1270,27.418724,29.286507,26.042721,27.856016
1271,28.350128,30.126839,26.985058,28.717625
1272,27.707382,29.401943,26.347643,28.003437
1273,28.730965,30.589066,27.356079,29.165352
1274,28.256414,30.102076,26.884638,28.678755
1275,28.827353,30.657938,27.45846,29.239506
1276,27.379557,29.211697,26.007027,27.792231
1277,28.825306,30.656456,27.456268,29.237915
1278,24.256393,26.136053,22.87327,24.693495
1279,27.800291,29.657999,26.426218,28.230778
1280,28.567137,30.477415,27.185785,29.043156
1281,28.752104,30.603474,27.378056,29.181122
1282,28.827353,30.657938,27.45846,29.239506
1283,28.827353,30.657938,27.45846,29.239506
1284,27.418724,29.286507,26.042721,27.856016
1285,25.38586,27.261276,24.005276,25.823025
1286,26.243656,28.15008,24.857588,26.70606
1287,28.775608,30.620487,27.403166,29.199356
1288,28.536638,30.446796,27.155207,29.012363
1289,28.567137,30.477415,27.185785,29.043156
1290,27.685436,29.546177,26.31078,28.117968
1291,28.321114,30.052801,26.961063,28.651066
1292,26.608742,28.490177,25.228668,27.053896
1293,27.449406,29.372562,26.061405,27.927452
1294,28.752104,30.603474,27.378056,29.181122
1295,28.388186,30.288713,27.008068,28.855633
1296,28.567137,30.477415,27.185785,29.043156
1297,28.009764,29.5662,26.655394,28.179089
1298,28.170189,29.707865,26.816696,28.323181
1299,27.999249,29.532982,26.643475,28.144407
1300,27.927128,29.406166,26.585058,28.032732
1301,28.948845,29.979599,27.585022,28.584915
1302,27.984468,29.500696,26.638494,28.12454
1303,27.939995,29.51128,26.579973,28.115623
1304,27.922932,29.409573,26.580221,28.035109
1305,27.497444,29.074944,26.13427,27.674665
1306,28.088715,29.602915,26.742027,28.224678
1307,26.107748,27.727097,24.731133,26.309282
1308,27.948551,29.433922,26.605837,28.060892
1309,28.059328,29.572252,26.709915,28.19132
1311,27.34059,28.817904,25.97105,27.410965
1312,29.554348,30.078962,28.208214,28.707129
1313,27.989912,29.473673,26.645842,28.098623
1314,26.885069,28.396515,25.523561,26.999283
1315,28.060534,29.63583,26.704021,28.245111
1316,28.078239,29.593472,26.729197,28.212914
1317,27.173458,28.665462,25.810509,27.266973
1318,27.89217,29.396999,26.551069,28.024136
1319,28.009764,29.5662,26.655394,28.179089
1320,27.735096,29.2824,26.377811,27.891062
1321,28.736595,29.911507,27.369566,28.51232
1322,29.678671,30.139687,28.322458,28.755606
1323,27.987249,29.48616,26.628626,28.094561
1324,28.059328,29.572252,26.709915,28.19132
1325,28.039394,29.569818,26.687992,28.186403
1326,28.708735,30.02037,27.344503,28.62425
1327,28.20919,29.755135,26.856796,28.371925
1328,27.242887,28.727015,25.874142,27.320816
1329,26.883606,28.393539,25.522049,26.996264
1330,27.545561,29.080751,26.208576,27.712563
1331,28.017113,29.58812,26.657841,28.193556
1332,27.609934,29.152025,26.273056,27.784069
1333,27.822388,29.314251,26.483662,27.944527
1334,27.945772,29.516336,26.587337,28.122934
1335,27.802246,29.275581,26.461939,27.907122
1336,27.051525,28.572575,25.69067,27.176182
1337,28.067549,29.637045,26.708439,28.242722
1338,28.034039,29.569164,26.682098,28.18508
1339,25.391703,27.287392,24.016706,25.873709
1340,24.668251,26.561485,23.291225,25.14282
1341,25.648373,27.561426,24.266949,26.137245
1342,23.892422,25.759624,22.520468,24.35343
1343,23.301777,25.150686,21.92448,23.730448
1344,26.799454,28.738571,25.4195,27.321737
1345,28.563805,30.257034,27.184729,28.832178
1346,27.55567,29.212069,26.17873,27.791466
1347,26.652908,28.276325,25.277891,26.859545
1348,28.717402,30.393154,27.341896,28.973616
1349,28.563805,30.257034,27.184729,28.832178
1350,28.777834,30.44142,27.40427,29.024858
1351,28.496681,30.09581,27.126444,28.685671
1352,28.244904,29.926483,26.866503,28.502972
1353,28.267889,29.870033,26.897058,28.459068
1354,26.55809,28.254169,25.178064,26.829449
1355,28.563805,30.257034,27.184729,28.832178
1356,26.68014,28.303242,25.305187,26.886555
1357,28.563805,30.257034,27.184729,28.832178
1358,28.552019,30.244818,27.172966,28.820011
1359,27.756893,29.325222,26.421307,27.967554
1360,27.793385,29.38192,26.447926,28.009497
1361,25.171324,26.749922,23.843649,25.393166
1362,27.572962,29.155142,26.231079,27.788916
1363,28.823505,29.511404,27.470125,28.134447
1364,27.793385,29.38192,26.447926,28.009497
1365,29.365885,29.891459,28.024117,28.530796
1366,28.573708,29.66238,27.23666,28.304882
1367,25.688198,27.256773,24.359585,25.899981
1368,28.13316,29.401506,26.79505,28.04215
1369,27.497322,29.076715,26.162161,27.714447
1370,27.584616,29.16519,26.243944,27.800661
1371,27.601681,29.171854,26.260611,27.806822
1372,25.575142,27.154428,24.24671,25.797688
1373,29.512907,29.956964,28.179855,28.606421
1374,28.93854,30.129036,27.60861,28.7791
1375,27.623989,29.199135,26.287392,27.840319
1376,27.663231,29.172405,26.302515,27.791676
1377,28.267593,29.729317,26.883036,28.332914
1378,27.818884,29.356947,26.459717,27.98057
1379,27.832203,29.363619,26.451998,27.97032
1380,28.182261,29.764654,26.811598,28.377878
1381,28.487595,30.032061,27.111942,28.640617
1382,27.758463,29.331675,26.393059,27.95133
1383,27.871794,29.411797,26.492476,28.019897
1384,28.136648,29.720085,26.76573,28.333233
1385,28.473295,29.914206,27.083349,28.512579
1386,27.468315,29.024904,26.100361,27.643772
1387,27.964684,29.537849,26.590559,28.149817
1388,28.382452,29.957182,27.014023,28.571795
1389,27.921701,29.490582,26.546434,28.102062
1390,27.86499,29.39687,26.4849,28.003614
1391,27.965832,29.545616,26.597298,28.161562
1392,27.248194,28.806913,25.87851,27.42448
1393,27.794094,29.32497,26.413761,27.931629
1394,28.108747,29.662226,26.748489,28.284971
1395,28.500311,29.964039,27.117004,28.567739
1396,27.663231,29.172405,26.302515,27.791676
1397,28.183605,29.656887,26.834631,28.285734
1398,28.866524,30.384766,27.488171,28.991291
1399,28.223513,29.804478,26.853533,28.418154
1400,28.819725,30.362926,27.442749,28.9706
1401,28.880878,30.427195,27.504246,29.03504
1402,27.203817,29.178385,25.712482,27.661112
1403,27.341013,29.299179,25.861147,27.798843
1404,25.65687,27.615059,24.183355,26.118696
1405,26.859564,28.823078,25.378002,27.317963
1406,26.759375,28.704369,25.298801,27.223825
1407,26.851124,28.821348,25.364559,27.311113
1408,26.70262,28.678179,25.202776,27.149164
1409,29.29866,30.916573,27.872725,29.499571
1410,29.009336,30.640991,27.579964,29.221386
1411,28.84392,30.483433,27.41258,29.06234
1412,28.84392,30.483433,27.41258,29.06234
1413,29.211624,30.818966,27.787762,29.404671
1414,29.006474,30.631763,27.578442,29.213676
1415,27.622183,29.087782,26.275536,27.722521
1416,28.447565,29.903967,27.106627,28.538794
1417,27.610239,29.075857,26.262785,27.709181
1418,27.62468,29.090244,26.278059,27.724995
1419,28.278761,29.731752,26.941225,28.371704
1420,28.675453,30.106211,27.342152,28.747723
1421,27.669434,29.104605,26.322817,27.739443
1422,27.767599,29.231329,26.420628,27.863466
1423,28.292004,29.747717,26.952362,28.385883
1424,28.441669,29.894972,27.103792,28.534187
1425,27.750648,29.214577,26.403252,27.846121
1426,28.696468,30.148376,27.362869,28.789595
1427,29.308561,29.688086,27.963003,28.326468
1428,27.588984,29.054636,26.240103,27.685446
1429,28.027452,29.231695,26.686867,27.871799
1430,28.247562,30.22382,26.758417,28.703625
1431,28.373461,30.353334,26.879259,28.831642
1432,28.780542,30.751957,27.286896,29.225424
1433,25.283527,27.243416,23.816284,25.753191
1434,28.84597,30.797688,27.370768,29.294794
1435,27.403103,29.383621,25.906084,27.85775
1436,26.716223,28.683022,25.243103,27.18379
1437,27.19828,29.168926,25.71879,27.661455
1438,25.083502,27.064093,23.596416,25.548586
1439,26.804087,28.77949,25.303415,27.247198
1440,29.48678,31.438768,27.999308,29.919273
1441,27.510611,29.489281,26.014706,27.961899
1442,27.597467,29.163496,26.164289,27.72258
1443,28.575653,30.091873,27.147444,28.65521
1444,27.385294,28.948582,25.951958,27.507252
1445,27.69594,29.263237,26.262833,27.822514
1446,27.435108,29.000458,26.00074,27.55818
1447,28.252758,29.85191,26.801329,28.393957
1448,28.577738,30.207888,27.108063,28.733177
1449,28.725145,30.290806,27.281553,28.840231
1450,28.726336,30.294868,27.281891,28.843515
1451,28.716791,30.28594,27.272198,28.83445
1452,28.46682,30.052132,27.018545,28.59716
1453,28.73646,30.359907,27.271202,28.889374
1454,27.491705,29.059393,26.056149,27.616022
1455,28.252758,29.85191,26.801329,28.393957
1456,27.408291,28.972523,25.974483,27.530758
1457,28.855757,30.474726,27.394222,29.007809
1458,27.518719,29.056835,26.095984,27.625219
1459,27.977186,29.509096,26.549084,28.072521
1460,28.604317,30.13002,27.173159,28.690689
1461,26.783543,28.738525,25.317141,27.247692
1463,27.794392,29.754948,26.290863,28.217476
1464,27.178167,29.123487,25.715561,27.637068
1465,27.020796,28.966652,25.558985,27.481325
1466,27.025772,28.946362,25.588263,27.493589
1467,30.131487,32.066967,28.654089,30.560198
1468,27.458979,29.381165,26.02132,27.928114
1469,29.491659,31.445316,27.995224,29.913742
1470,27.071331,28.993137,25.628544,27.534452
1471,29.743982,31.689497,28.259232,30.173309
1472,25.014421,26.963476,23.560436,25.489239
1473,29.662918,31.608145,28.186852,30.103722
1474,28.646942,30.017416,27.347416,28.712767
1475,28.317772,29.776817,27.010822,28.464233
1476,27.851925,29.32481,26.548702,28.014599
1477,28.188721,29.469429,26.866943,28.140287
1478,28.369385,29.964926,27.045603,28.63545
1479,28.255005,29.597759,26.936129,28.271183
1480,28.261061,29.685263,26.945879,28.363884
1481,28.209776,29.606733,26.895079,28.28504
1482,28.670105,29.897963,27.347794,28.569704
1483,28.278532,29.668114,26.96236,28.345436
1484,29.455463,30.245277,28.159416,28.944553
1485,28.187805,29.69541,26.875912,28.377954
1486,28.29496,29.681471,26.97834,28.358368
1487,27.806541,29.284325,26.503124,27.97382
1488,28.508297,29.853325,27.182144,28.521448
1489,28.203243,29.606892,26.889103,28.286156
1490,28.556829,30.039162,27.231142,28.707712
1491,28.149794,29.56518,26.827173,28.234251
1492,27.976494,29.697739,26.483683,28.19973
1493,29.374819,31.053116,27.889242,29.563002
1494,29.791651,30.74564,28.339676,29.290646
1495,28.402721,30.112099,26.911205,28.616005
1496,29.765055,31.408585,28.294674,29.934345
1497,29.908726,31.542755,28.441465,30.071671
1498,29.817822,31.457249,28.349878,29.985445
1499,28.148149,29.864124,26.656221,28.367077
1501,29.079098,30.735458,27.593077,29.244741
1502,28.862202,30.481806,27.375196,28.989935
1503,29.830315,31.467007,28.36455,29.997383
1504,29.316673,30.994844,27.831146,29.504761
1505,29.874271,31.501247,28.407824,30.030972
1506,28.912062,30.579851,27.430077,29.093151
1507,29.830315,31.467007,28.36455,29.997383
1508,29.780275,30.533346,28.332355,29.082655
1509,29.059868,30.737482,27.574532,29.247498
1510,29.315319,30.985893,27.831261,29.497972
1511,29.365541,31.010651,27.89097,29.531607
1512,29.392979,31.06749,27.908648,29.578638
1513,29.374819,31.053116,27.889242,29.563002
1514,29.282497,31.105715,27.777357,29.589502
1515,29.335194,31.114738,27.831608,29.603699
1516,29.43915,31.288256,27.940434,29.776611
1517,29.176579,30.961735,27.671986,29.449345
1518,27.567776,29.31275,26.069353,27.809204
1519,27.017523,28.789858,25.513746,27.280233
1520,27.895739,29.625504,26.400167,28.125187
1521,28.642599,30.373716,27.143126,28.868822
1522,29.723644,31.553486,28.221865,30.040396
1523,27.878593,29.631451,26.376362,28.123499
1524,29.220596,31.043417,27.714695,29.526588
1525,29.062531,30.918716,27.566484,29.409533
1526,27.010798,28.779335,25.508163,27.271021
1527,28.929829,30.720963,27.424404,29.207417
1528,29.16713,30.984795,27.661196,29.468384
1529,27.913145,29.720011,26.405979,28.204435
1530,29.230871,31.071241,27.725925,29.552776
1531,28.771931,30.55275,27.266806,29.039953
1532,27.966553,29.719135,26.463943,28.210751
1533,28.463905,30.379662,27.08144,28.944546
1534,26.542685,28.369413,25.164942,26.94396
1535,27.608202,29.461926,26.232813,28.038204
1536,26.968849,28.814838,25.591854,27.388458
1537,28.14509,30.035833,26.762751,28.600664
1538,28.374262,30.29118,26.991375,28.855938
1539,28.181314,30.076105,26.799026,28.641155
1540,26.920486,28.755466,25.547218,27.33507
1541,28.432533,30.345924,27.050339,28.911238
1542,28.223309,30.128292,26.841833,28.695223
1543,28.401443,30.320511,27.018301,28.884878
1544,28.401443,30.320511,27.018301,28.884878
1545,27.64069,29.494347,26.265337,28.070662
1546,26.400469,28.218777,25.027115,26.798092
1547,28.567137,30.477415,27.185785,29.043156
1548,27.607613,29.463928,26.231888,28.039709
1549,28.238337,30.139463,26.856007,28.704639
1550,28.401237,30.320326,27.018085,28.884678
1551,28.969097,30.568016,27.649782,29.233692
1552,29.037899,30.644512,27.721874,29.316137
1553,29.587984,29.719887,28.31712,28.45055
1554,29.005711,30.542336,27.685738,29.208799
1555,28.99346,30.609711,27.669735,29.274208
1556,29.487801,30.031055,28.136938,28.66188
1557,29.230015,29.631874,27.8974,28.285082
1558,29.500092,30.00882,28.145073,28.635599
1559,29.031219,29.696012,27.699484,28.355986
1560,28.99984,30.615383,27.677708,29.281883
1561,29.956036,30.508448,28.652088,29.199974
1562,25.778664,27.537086,24.409388,26.124971
1563,27.210201,28.93388,25.8433,27.527357
1564,25.233591,26.977667,23.869835,25.572685
1565,27.894386,29.595942,26.525198,28.188683
1566,25.86636,27.593246,24.502558,26.188099
1567,25.550697,27.284727,24.187473,25.880772
1568,27.715778,29.444529,26.34127,28.028456
1569,26.297867,28.012352,24.934866,26.608862
1570,27.962469,29.654514,26.595087,28.250269
1571,27.213131,28.936775,25.846231,27.530258
1572,26.472822,28.224279,25.100622,26.810163
1573,27.431805,29.146214,26.064764,27.740362
1574,26.78182,28.506971,25.419348,27.104792
1575,27.841444,29.550524,26.470791,28.140839
1576,27.925095,29.648758,26.524826,28.254795
1577,27.773203,29.329861,26.415775,27.979174
1578,29.47983,31.192053,28.048903,29.769491
1579,29.187777,30.912014,27.752907,29.48505
1580,28.049528,29.763029,26.656952,28.376616
1581,28.013676,29.37513,26.650585,28.01902
1582,28.25161,29.965534,26.836815,28.558088
1583,28.271664,29.936556,26.900572,28.572079
1584,28.915489,30.64426,27.481188,29.217575
1585,27.011223,28.763515,25.553106,27.313421
1586,28.8314,30.195654,27.459303,28.830194
1587,28.803572,30.42231,27.427582,29.052835
1588,28.443346,30.154942,27.029161,28.748152
1589,27.453388,29.201618,26.002129,27.758091
1590,28.8708,30.604649,27.432005,29.173452
1591,29.27553,30.996141,27.841921,29.570578
1592,28.457195,30.169317,27.042334,28.76186
1593,29.626089,31.349312,28.173401,29.905922
1594,28.083273,29.788931,26.68928,28.401386
1595,28.556723,30.296944,27.11825,28.865755
1596,27.890293,29.62079,26.473486,28.210552
1597,27.293827,28.983566,25.963036,27.654591
1598,29.600557,31.311922,28.16666,29.886673
1599,28.212511,29.934847,26.801643,28.530674
1600,28.359184,29.987766,27.010666,28.645144
1601,28.269114,29.912588,26.92462,28.573292
1602,28.739389,30.414782,27.363052,29.044823
1603,30.089365,31.892294,28.638554,30.446484
1604,27.791857,29.537386,26.383541,28.134827
1605,29.39168,30.965759,27.972775,29.550007
1606,29.283609,31.075064,27.861391,29.656597
1607,28.742929,30.527483,27.312855,29.102306
1608,28.765112,30.515749,27.333157,29.090092
1609,28.948624,30.735802,27.521532,29.313175
1610,27.897619,29.683641,26.439106,28.231329
1611,28.176258,29.933962,26.765074,28.527979
1612,28.835026,30.62096,27.398815,29.190002
1614,27.746532,29.501759,26.332428,28.093307
1615,28.941687,30.704176,27.535416,29.302303
1616,29.153423,30.910509,27.715525,29.478888
1617,29.087088,30.850906,27.681469,29.44953
1618,28.417492,30.170845,26.990427,28.749846
1619,28.750624,30.516991,27.306114,29.078733
1620,28.404169,30.181423,26.974625,28.757254
1621,29.7976,30.59679,28.388914,29.189062
1622,28.897305,30.664129,27.458424,29.231258
1623,29.1241,30.908751,27.704418,29.493084
1624,29.283609,31.075064,27.861391,29.656597
1625,28.994835,30.758469,27.558252,29.327913
1626,29.839811,30.557508,28.432238,29.150663
1627,28.131599,29.919174,26.673908,28.467564
1628,28.190901,29.96102,26.766363,28.541945
1629,29.801683,31.600651,28.354401,30.158417
1630,29.264954,30.83477,27.862188,29.435722
1631,27.365646,29.069183,26.03647,27.740572
1632,29.389225,31.117874,28.004374,29.736839
1633,28.406944,30.16597,26.997326,28.761311
1634,28.589247,30.317476,27.196512,28.93012
1635,29.364899,31.094181,27.977005,29.711052
1636,28.83717,30.533722,27.461983,29.164669
1637,27.94297,29.665039,26.548817,28.276899
1638,29.458605,31.195461,28.082323,29.820782
1639,29.184372,30.934973,27.785591,29.540634
1640,28.647057,30.345245,27.269007,28.973503
1641,29.458605,31.195461,28.082323,29.820782
1642,29.372259,31.102135,27.985285,29.719675
1643,28.266836,29.940996,26.908072,28.588406
1644,28.91287,30.64045,27.522707,29.255426
1645,29.458605,31.195461,28.082323,29.820782
1646,28.596605,30.286192,27.221542,28.91753
1647,28.925751,30.648708,27.541679,29.269228
9991,28.711275,30.398357,27.191462,28.838936
9992,28.614491,30.046394,26.899498,28.320797
9993,29.160892,31.003233,25.450699,27.346468
