year,id_2,pr_ave,temp_ave
2010,1,230.68314,26.423693
2010,2,253.83182,22.168219
2010,3,238.62271,26.515594
2010,4,239.70885,24.357475
2010,5,262.89734,21.103344
2010,6,237.18884,24.519905
2010,7,234.09744,26.93854
2010,8,228.98709,26.80752
2010,9,259.88925,22.153774
2010,10,235.60344,26.28256
2010,11,234.27275,24.835083
2010,12,226.26849,26.085899
2010,13,246.38954,23.827019
2010,14,233.76743,24.833261
2010,15,266.01041,21.254208
2010,16,234.06241,25.701872
2010,17,234.83156,26.525589
2010,18,226.79984,26.649591
2010,19,230.47035,25.93565
2010,20,236.78998,25.248116
2010,21,233.11102,26.175528
2010,22,230.15749,26.279182
2010,23,220.21077,26.626862
2010,24,235.05577,27.181955
2010,25,254.60043,22.67942
2010,26,248.74413,21.625898
2010,27,236.31685,25.103689
2010,28,308.48727,26.605545
2010,29,342.8187,27.826389
2010,30,366.09442,25.523027
2010,31,290.6171,27.041365
2010,32,366.28345,25.922556
2010,33,373.90445,26.13681
2010,34,306.45746,26.797348
2010,35,342.8187,27.826389
2010,37,303.10349,26.896893
2010,38,364.16034,25.651793
2010,39,367.89026,25.030066
2010,40,360.69949,26.914616
2010,41,362.91394,26.603451
2010,42,341.13522,27.025875
2010,43,311.50821,27.037262
2010,44,295.06833,26.587093
2010,45,277.44009,26.650991
2010,46,371.72348,26.58017
2010,47,360.64371,27.088089
2010,48,355.24283,27.285769
2010,49,298.29193,26.681999
2010,50,298.8924,27.338436
2010,51,374.70654,25.681475
2010,52,324.41632,27.405783
2010,53,330.89969,27.114288
2010,54,274.24295,26.953096
2010,55,246.36931,27.272234
2010,56,268.2337,27.244156
2010,57,274.02725,27.426392
2010,58,235.27679,27.482895
2010,59,347.53854,26.893406
2010,60,331.87451,27.107487
2010,61,242.34978,27.629793
2010,62,265.95233,27.560778
2010,63,289.79382,26.433474
2010,64,302.07312,25.538691
2010,65,288.74197,27.273876
2010,66,333.94095,26.986696
2010,67,306.12628,26.477848
2010,68,340.70114,26.796606
2010,69,243.08899,27.566534
2010,70,251.28951,27.615854
2010,71,304.47836,27.140549
2010,72,317.95566,27.205978
2010,74,279.12823,26.74472
2010,75,285.57861,26.929092
2010,76,270.72974,26.635975
2010,77,262.76874,27.263241
2010,78,292.68591,27.021814
2010,79,232.03017,27.153345
2010,80,256.97858,26.789381
2010,81,309.90524,26.079947
2010,82,300.66086,26.061018
2010,83,300.13574,26.424759
2010,84,239.88548,26.909456
2010,85,245.5927,27.161066
2010,86,257.99652,26.762497
2010,87,310.18649,26.889942
2010,88,305.60043,26.306984
2010,89,305.83493,26.28471
2010,90,285.02176,25.768124
2010,91,242.59665,27.18787
2010,92,305.37665,25.299881
2010,93,264.49817,27.158981
2010,94,289.40112,26.037209
2010,95,304.42398,27.693083
2010,96,318.24667,25.64304
2010,97,250.29938,26.983774
2010,98,301.8446,26.081259
2010,99,349.4194,26.627157
2010,100,352.01483,26.88538
2010,101,274.84229,26.959499
2010,102,251.55675,27.470808
2010,103,271.65558,25.565414
2010,104,334.91531,26.508553
2010,105,260.30878,26.58955
2010,106,317.50049,26.421932
2010,107,245.53616,27.067602
2010,108,280.37054,25.366852
2010,109,263.06476,22.617275
2010,110,221.59557,24.050791
2010,111,162.52211,26.255232
2010,112,228.54224,24.135784
2010,113,218.41096,25.203054
2010,114,194.70012,25.509897
2010,115,168.05205,27.006401
2010,116,251.27457,26.4562
2010,117,282.05814,24.89493
2010,118,276.80511,24.458141
2010,119,264.06497,24.511019
2010,120,228.55269,25.334032
2010,121,238.56343,25.033646
2010,122,219.49991,25.5812
2010,123,237.06252,23.914606
2010,124,199.90919,27.090456
2010,125,216.76591,26.417959
2010,126,199.01494,27.190306
2010,127,203.40047,26.734741
2010,128,201.65901,26.895512
2010,129,193.08797,27.252222
2010,130,201.78888,27.333536
2010,131,214.3598,26.491348
2010,132,213.33965,26.714508
2010,133,203.00908,27.101995
2010,134,216.00638,26.59584
2010,135,235.59508,26.414913
2010,136,237.71692,26.034887
2010,137,236.78226,26.764954
2010,138,235.58478,27.207893
2010,139,237.03542,26.906677
2010,140,223.68178,26.077349
2010,141,221.19237,26.424513
2010,142,253.72766,26.471863
2010,143,233.96173,26.616432
2010,144,227.30865,26.818439
2010,145,232.98648,26.903654
2010,146,233.70143,26.41239
2010,147,187.53796,24.867346
2010,148,177.53871,25.517227
2010,149,181.26788,25.520735
2010,150,181.44876,25.484146
2010,151,180.0392,25.575558
2010,152,180.6474,25.572681
2010,153,157.14725,26.85458
2010,154,161.27977,26.561478
2010,155,169.29407,26.961351
2010,156,159.95972,26.724073
2010,157,163.27849,26.733082
2010,158,156.74316,26.898581
2010,159,170.37764,26.404726
2010,160,164.19882,27.217791
2010,161,167.01199,26.279409
2010,162,159.99358,26.7409
2010,163,170.53752,26.191416
2010,164,165.22516,26.45616
2010,165,171.34499,27.162022
2010,166,174.45139,25.826883
2010,167,174.8808,26.414024
2010,168,158.35065,26.843163
2010,169,167.64011,26.243216
2010,170,165.37201,26.411648
2010,171,180.59142,26.695858
2010,172,163.53793,26.658432
2010,173,164.6918,26.77273
2010,174,167.18967,26.221973
2010,175,165.35732,27.080204
2010,176,158.9165,26.795135
2010,177,153.0098,27.064909
2010,178,157.96931,26.882458
2010,179,157.13521,26.832071
2010,180,174.3929,25.985588
2010,182,155.6785,26.997654
2010,183,164.15182,26.544182
2010,184,164.7067,26.548792
2010,185,166.002,26.574934
2010,186,159.89815,26.970844
2010,187,173.06677,26.825632
2010,188,196.0116,20.153149
2010,189,187.19733,20.343912
2010,190,213.96643,19.344069
2010,191,192.85614,20.366051
2010,192,233.21321,16.786167
2010,193,179.85541,22.558752
2010,194,216.45682,17.483892
2010,195,192.18741,22.265488
2010,196,204.90199,19.01683
2010,197,187.88541,21.273241
2010,198,215.19154,20.113146
2010,199,187.56081,23.870518
2010,200,185.7444,22.486416
2010,201,189.1086,21.60647
2010,202,236.9243,25.397293
2010,203,232.17371,25.560816
2010,204,240.71474,25.389536
2010,205,242.35207,25.468107
2010,206,244.67702,25.458891
2010,207,229.1671,25.920332
2010,208,224.88382,25.940254
2010,209,230.45743,25.72275
2010,210,149.37766,27.358902
2010,211,199.99471,27.535421
2010,212,203.09448,26.976765
2010,213,164.37506,27.104082
2010,214,143.21844,27.437305
2010,215,170.58133,27.039448
2010,216,195.88545,26.412174
2010,217,178.35146,28.09067
2010,218,196.64146,26.281652
2010,219,184.09486,27.301517
2010,220,170.39252,27.133554
2010,221,199.32637,27.466814
2010,222,203.64581,26.569675
2010,223,185.88245,26.628057
2010,224,183.17285,27.032764
2010,225,149.61923,27.391045
2010,226,147.63939,27.524679
2010,227,204.14972,27.22183
2010,228,197.42963,27.150867
2010,229,128.87151,27.737408
2010,230,190.12538,26.713806
2010,231,221.451,26.206373
2010,232,207.25571,26.392267
2010,233,206.86728,27.020926
2010,234,179.44402,27.392204
2010,235,214.00499,26.363548
2010,236,172.47255,27.719309
2010,237,177.01389,26.918415
2010,238,155.08517,27.370861
2010,239,172.1806,26.913927
2010,240,164.38715,27.102633
2010,241,191.95532,27.811552
2010,242,157.34279,27.201193
2010,243,127.03151,27.772758
2010,244,207.97682,26.92837
2010,245,187.23419,27.702074
2010,246,193.02242,26.604307
2010,247,179.03278,26.714878
2010,248,195.63878,27.740725
2010,249,172.61165,26.954683
2010,250,213.1468,26.397655
2010,251,158.82985,27.213711
2010,252,137.00278,27.596886
2010,253,179.53891,27.890898
2010,254,188.51035,27.887373
2010,255,177.5979,27.092033
2010,256,190.18874,27.92856
2010,257,200.56091,26.533836
2010,258,263.35739,24.504564
2010,259,264.83374,25.62866
2010,260,225.9801,26.758148
2010,261,240.94473,26.222368
2010,262,251.60854,26.175705
2010,263,290.50012,23.512028
2010,264,240.78647,26.405252
2010,265,269.28604,24.87396
2010,266,234.90825,26.108173
2010,267,241.64383,25.988621
2010,268,279.29453,23.289997
2010,269,261.34052,25.378265
2010,270,275.30353,24.538128
2010,271,261.73825,25.424826
2010,272,260.96439,25.401697
2010,273,256.98633,25.676941
2010,274,270.2377,24.006893
2010,275,255.58112,25.147551
2010,276,258.52975,25.386366
2010,277,278.29132,23.562592
2010,278,278.67365,23.526129
2010,279,264.86551,24.435614
2010,280,228.0788,27.163008
2010,281,213.27283,27.517645
2010,282,210.17815,27.472324
2010,283,211.54906,27.539627
2010,284,203.86156,27.410454
2010,285,216.98373,27.404655
2010,286,206.17738,27.527517
2010,287,227.03256,25.140825
2010,288,211.48439,27.520102
2010,289,205.37175,27.450916
2010,290,207.97079,27.50666
2010,291,216.10056,27.539034
2010,292,212.46234,27.529099
2010,293,234.68671,25.44416
2010,294,200.49356,27.42635
2010,295,220.82359,27.407701
2010,296,204.22897,27.450573
2010,297,211.62756,27.498863
2010,298,208.5197,27.48217
2010,299,213.09744,27.10256
2010,300,232.00029,26.710417
2010,301,193.05875,27.205402
2010,302,217.46638,27.332787
2010,303,222.47305,27.438284
2010,304,180.45015,26.925434
2010,305,123.57439,26.996756
2010,306,148.56114,26.853664
2010,307,130.06413,27.128855
2010,308,183.81122,26.726217
2010,309,159.254,25.837252
2010,310,175.74141,26.945724
2010,311,151.80219,26.975016
2010,312,213.08191,25.548208
2010,313,155.33482,27.062757
2010,314,212.28447,26.054686
2010,315,142.73248,27.122847
2010,316,152.18282,25.941504
2010,317,192.44945,25.1479
2010,318,133.88197,27.141832
2010,319,164.27357,25.838223
2010,320,130.25089,26.631437
2010,321,193.1739,26.523218
2010,322,201.20908,24.139818
2010,323,137.42075,27.158207
2010,324,163.73576,26.153067
2010,325,212.84218,25.967131
2010,326,188.13812,25.887775
2010,327,236.08739,25.032467
2010,328,153.20001,26.791386
2010,329,150.00206,26.05917
2010,330,135.21771,27.199186
2010,331,141.81119,27.165464
2010,332,141.50688,27.148411
2010,333,275.12973,26.644735
2010,334,244.41165,27.034157
2010,335,297.43246,27.240948
2010,336,264.75647,27.030237
2010,337,259.52054,26.693579
2010,338,271.32562,26.735897
2010,339,281.8082,27.015619
2010,340,271.20242,26.411524
2010,341,280.13849,26.552711
2010,342,224.27257,27.030231
2010,343,295.91489,27.234632
2010,344,293.61017,27.192287
2010,345,232.6815,27.01166
2010,346,217.11296,26.982126
2010,348,222.14955,27.206102
2010,349,231.41771,27.215553
2010,351,260.70142,26.312647
2010,352,219.76642,27.157951
2010,353,228.46353,27.285614
2010,354,245.82785,26.545805
2010,355,223.0732,27.303135
2010,356,221.21046,27.30484
2010,357,296.24713,26.914402
2010,358,236.96217,26.129957
2010,359,217.6492,27.303417
2010,360,290.33292,26.626413
2010,361,266.53958,26.151878
2010,362,243.81718,26.779671
2010,363,279.45651,26.52009
2010,364,216.63702,26.959118
2010,365,236.94815,26.896593
2010,366,225.2722,27.300802
2010,367,221.32986,27.287613
2010,368,217.40715,27.183168
2010,369,226.47591,27.279892
2010,370,237.42877,26.659897
2010,371,246.84161,26.308496
2010,372,213.88585,27.211187
2010,373,205.75217,27.004097
2010,374,233.91208,26.727106
2010,375,294.34894,26.288424
2010,376,224.01186,26.881189
2010,377,260.21005,26.657585
2010,378,213.3905,27.099268
2010,379,264.84842,27.235249
2010,380,233.72525,26.938265
2010,381,280.08286,27.224894
2010,382,260.20526,26.517939
2010,383,268.15384,27.046217
2010,384,244.77585,26.74715
2010,385,240.8557,26.863783
2010,386,250.77888,26.561304
2010,387,247.88893,26.635708
2010,388,248.08914,26.52231
2010,389,212.88951,27.173344
2010,390,211.49193,27.490755
2010,391,216.90428,27.114355
2010,392,210.36357,27.053026
2010,393,212.35066,27.325115
2010,394,263.12195,26.165791
2010,395,219.41216,27.139841
2010,396,222.85202,27.363338
2010,397,208.6879,27.747425
2010,398,212.07561,27.559616
2010,399,235.38493,27.178986
2010,400,218.04927,27.585932
2010,401,231.10678,27.029903
2010,402,204.08388,27.597942
2010,403,220.43054,27.356567
2010,404,214.42212,27.404118
2010,405,254.05798,26.112064
2010,406,310.26599,26.602898
2010,407,307.04272,26.515268
2010,408,298.93906,26.818789
2010,409,310.88492,26.195633
2010,410,312.31564,26.324671
2010,411,308.14325,26.77347
2010,412,310.71332,26.53174
2010,413,305.16379,26.480354
2010,414,311.62848,26.00639
2010,415,310.39499,26.565338
2010,416,303.17853,26.360893
2010,417,190.52971,25.347828
2010,418,188.29347,25.503424
2010,419,166.92101,27.604614
2010,420,169.04153,27.258118
2010,421,168.68466,27.436674
2010,422,172.71059,27.18549
2010,423,180.31096,26.190598
2010,424,170.19649,27.199015
2010,425,172.36261,27.261633
2010,426,168.01057,27.595293
2010,427,184.21065,25.809498
2010,428,167.57419,27.585146
2010,429,180.47798,26.331766
2010,430,183.25275,26.527395
2010,431,193.13564,25.152025
2010,432,174.88852,27.050467
2010,433,168.61461,27.566849
2010,434,172.98262,27.519409
2010,435,184.26561,25.767389
2010,436,189.78566,25.210819
2010,437,172.77284,27.321268
2010,438,185.12059,26.852087
2010,439,175.05026,26.964685
2010,440,199.248,26.960772
2010,441,216.11024,25.962906
2010,442,223.67859,26.025393
2010,443,179.3083,27.12067
2010,444,196.45313,26.527763
2010,445,166.85423,26.350679
2010,446,216.52684,26.158621
2010,447,174.44469,26.222672
2010,448,177.64989,28.278715
2010,449,189.84644,26.939144
2010,450,163.04602,28.21715
2010,451,203.25389,26.158607
2010,452,162.30908,27.816805
2010,454,168.02477,26.38516
2010,455,165.90169,26.559381
2010,457,151.9109,27.23493
2010,458,144.5517,27.793192
2010,459,139.55614,28.121712
2010,460,174.72719,28.34334
2010,461,213.39331,26.143738
2010,462,165.47075,26.535925
2010,464,192.8302,27.240736
2010,465,210.52319,26.229774
2010,468,179.62825,28.373501
2010,469,212.03195,26.275034
2010,471,168.93141,28.333553
2010,473,203.2606,26.738512
2010,475,202.48239,26.109926
2010,476,198.70567,27.354078
2010,477,170.79053,27.257832
2010,478,187.1461,27.562525
2010,479,194.96257,27.236107
2010,480,198.38017,26.401203
2010,481,175.87352,27.170868
2010,482,173.96809,27.802753
2010,483,161.78519,27.903923
2010,484,174.62112,28.240631
2010,485,172.79822,27.096893
2010,486,190.34102,26.897167
2010,487,162.08237,27.443914
2010,488,162.92422,28.018259
2010,489,160.17036,27.48982
2010,491,171.61412,26.68646
2010,492,161.08421,26.912046
2010,493,191.01842,27.765388
2010,494,273.76846,26.181919
2010,495,252.0329,26.857994
2010,496,229.82565,25.78303
2010,497,229.05339,26.418709
2010,498,260.03552,23.179516
2010,499,231.94482,26.953966
2010,500,285.5672,26.568848
2010,501,255.57921,26.865377
2010,502,245.85358,26.471096
2010,503,272.61835,23.863537
2010,504,228.26193,24.98502
2010,505,238.67734,27.027821
2010,506,213.48784,27.443727
2010,508,247.26288,26.625446
2010,509,235.70146,27.047583
2010,512,235.77068,26.814293
2010,513,217.66814,27.189289
2010,515,242.91087,25.882679
2010,516,196.00465,25.621088
2010,518,191.11424,25.741852
2010,519,172.42601,25.237396
2010,520,156.32648,27.681347
2010,521,161.30161,25.547844
2010,522,153.38562,27.358269
2010,523,170.05144,26.980221
2010,524,150.31546,26.671211
2010,525,160.70717,25.812243
2010,526,160.87407,27.444048
2010,527,151.98474,27.674601
2010,528,198.41089,25.628935
2010,529,158.61734,26.479258
2010,530,151.39499,27.099571
2010,531,149.47913,27.581766
2010,532,277.45267,25.934534
2010,533,221.54414,25.093548
2010,534,318.81271,26.213238
2010,535,253.94963,24.994518
2010,536,299.21069,26.122852
2010,537,203.15186,26.871595
2010,538,207.91705,25.732206
2010,539,224.27934,25.999493
2010,540,190.45425,26.439369
2010,541,196.2579,26.549942
2010,542,216.72742,25.669979
2010,543,340.62988,27.32814
2010,544,355.31757,27.033775
2010,545,342.69461,27.507891
2010,546,341.91736,27.166693
2010,547,346.83923,26.630013
2010,548,349.22116,27.300312
2010,549,342.86798,27.088217
2010,550,315.95056,26.287806
2010,551,322.44766,26.348862
2010,552,342.11584,26.254835
2010,553,344.53122,25.963297
2010,554,323.39212,26.186131
2010,555,318.36841,26.282194
2010,556,337.46677,26.511995
2010,557,323.51639,26.953875
2010,558,329.25989,27.339167
2010,559,341.65051,26.788528
2010,560,316.37405,26.119495
2010,561,315.12686,26.149727
2010,562,339.84213,26.316387
2010,563,318.70941,25.661688
2010,564,340.18716,26.210815
2010,565,319.09781,27.446487
2010,566,317.17645,26.327814
2010,567,328.86597,26.620945
2010,568,325.87537,27.244873
2010,569,346.59497,25.9354
2010,570,317.49362,26.446657
2010,571,340.94394,26.079365
2010,572,332.17532,26.072378
2010,573,202.07355,27.174198
2010,574,210.86186,27.088316
2010,575,222.76544,27.290838
2010,576,213.92944,27.30689
2010,577,222.13524,27.214546
2010,578,221.2151,24.344007
2010,579,173.30507,26.561262
2010,580,217.30975,21.719225
2010,581,263.6008,19.719854
2010,582,250.67874,22.151955
2010,583,251.40678,18.515379
2010,584,217.23822,22.882336
2010,585,203.71175,24.535017
2010,586,179.81247,25.395561
2010,587,232.21823,23.173594
2010,588,228.67583,18.318504
2010,589,251.47325,23.82556
2010,590,167.27931,27.401194
2010,591,194.46686,27.002729
2010,592,193.2695,25.881235
2010,593,192.92297,26.798239
2010,594,183.89021,27.007196
2010,595,183.46431,26.080402
2010,596,253.15018,22.328489
2010,597,178.87663,27.088003
2010,598,181.77718,27.089525
2010,599,228.8743,24.5165
2010,600,169.87477,27.4501
2010,601,186.39598,26.945675
2010,602,235.61557,23.783007
2010,603,212.62779,25.345991
2010,605,175.20207,27.333046
2010,606,180.06741,26.338173
2010,607,188.98154,26.369059
2010,608,191.81808,26.931549
2010,609,173.3678,27.354898
2010,610,179.2307,27.152149
2010,611,200.95824,25.734013
2010,612,213.46115,24.970619
2010,613,205.73601,24.054602
2010,614,218.535,26.934385
2010,615,210.50479,26.706787
2010,616,221.23378,26.735685
2010,617,200.22531,26.941936
2010,618,216.17262,27.157871
2010,619,199.77753,27.264042
2010,620,218.88835,23.117994
2010,621,219.20717,26.548592
2010,622,223.60257,24.728811
2010,623,220.61121,26.451908
2010,624,206.04216,26.769384
2010,625,223.14299,26.714712
2010,626,215.83673,27.018547
2010,627,228.16196,23.597252
2010,628,217.96217,26.028477
2010,629,227.45331,25.111393
2010,630,214.11909,27.0923
2010,631,196.62381,27.268017
2010,632,206.2692,26.732374
2010,633,191.34673,27.232172
2010,634,192.89355,27.232662
2010,635,209.9301,26.705801
2010,636,212.74464,27.20966
2010,637,217.21004,27.127489
2010,638,211.94069,26.851358
2010,639,215.87819,26.983997
2010,640,200.00214,27.059269
2010,641,222.16975,23.209209
2010,642,197.53888,26.893583
2010,643,197.75572,23.489403
2010,644,210.38982,24.775011
2010,645,202.05643,27.080523
2010,646,199.23735,27.266466
2010,647,210.90654,27.067427
2010,648,229.04517,26.40827
2010,649,194.70905,27.35774
2010,650,199.23505,27.175919
2010,651,234.276,27.638391
2010,652,192.42407,27.408518
2010,653,192.00145,27.745911
2010,654,201.46001,27.06922
2010,655,231.10376,27.454554
2010,656,214.35201,27.171028
2010,657,197.49138,27.302525
2010,658,223.93742,26.956373
2010,659,218.65237,27.523939
2010,660,211.7558,27.233519
2010,661,195.27441,27.244059
2010,662,200.67839,27.240871
2010,663,192.95949,27.689804
2010,664,227.74512,27.683064
2010,665,219.10771,27.45698
2010,666,246.25496,26.202682
2010,667,199.45686,27.778885
2010,668,232.47418,26.306883
2010,669,252.68869,25.729013
2010,670,193.35069,27.63796
2010,671,215.14198,26.909992
2010,672,237.40442,26.155489
2010,673,228.41238,26.348249
2010,674,245.87407,26.56728
2010,675,192.68375,27.404757
2010,676,192.06389,27.516397
2010,677,201.9762,27.710419
2010,678,206.56857,27.079557
2010,679,196.84334,27.75103
2010,680,192.76485,27.543175
2010,681,224.47084,27.305099
2010,682,201.36552,27.007303
2010,683,249.44864,26.659922
2010,684,199.71567,27.617435
2010,685,210.36559,26.704973
2010,686,194.56953,27.606693
2010,687,222.66481,27.065701
2010,688,211.13898,27.472128
2010,689,245.48953,25.969143
2010,690,192.45789,27.670528
2010,691,165.49313,26.96105
2010,692,179.85732,26.960058
2010,693,162.70509,27.091228
2010,694,189.8745,26.788601
2010,695,162.15926,27.075768
2010,696,177.8373,25.814848
2010,697,163.44843,27.071598
2010,698,173.75998,27.012486
2010,699,171.84923,26.561596
2010,700,156.94968,27.023296
2010,701,267.96967,23.977694
2010,702,225.59164,24.060995
2010,703,209.32448,25.778652
2010,704,166.56398,27.072189
2010,705,204.54877,25.513243
2010,706,207.17908,26.331417
2010,707,165.8992,27.08617
2010,708,240.98499,22.926102
2010,709,157.38734,27.07925
2010,710,174.74603,27.006321
2010,711,234.47232,25.189436
2010,712,157.69756,26.839746
2010,713,160.6125,27.129177
2010,714,165.2596,26.815138
2010,715,168.45985,27.128975
2010,716,159.00317,27.046766
2010,717,230.97862,25.534086
2010,718,225.26665,25.473846
2010,719,163.89459,26.974695
2010,720,160.74341,26.977444
2010,721,226.33234,25.445591
2010,722,162.64546,27.001842
2010,723,205.10666,24.358185
2010,724,146.0536,27.168253
2010,725,172.00906,26.633568
2010,726,150.80278,27.175758
2010,727,173.51355,26.291315
2010,728,275.57977,20.270884
2010,729,274.23401,18.718704
2010,730,277.41953,18.924776
2010,731,188.93982,25.508474
2010,732,151.30232,26.822083
2010,733,181.98816,25.887499
2010,734,255.90805,22.766039
2010,735,273.86417,20.59001
2010,736,198.04298,27.308962
2010,737,189.2563,26.63513
2010,738,195.20134,26.876583
2010,739,185.50908,24.926773
2010,740,198.70241,27.119637
2010,741,201.66319,27.316614
2010,742,188.6692,27.17926
2010,743,184.91805,25.162537
2010,744,188.50102,26.975121
2010,745,200.64108,27.288589
2010,746,181.70529,26.741457
2010,747,183.83208,25.939739
2010,748,189.67,26.928558
2010,749,188.14375,26.932604
2010,750,193.89076,24.315491
2010,751,190.54443,26.997194
2010,752,195.15163,27.158537
2010,753,193.61049,25.612688
2010,754,196.67226,26.60647
2010,755,190.60085,27.04435
2010,756,171.01942,26.24847
2010,757,170.60611,26.654585
2010,758,165.56796,27.49394
2010,759,164.78387,27.451166
2010,760,168.60332,26.935083
2010,761,171.38879,26.65745
2010,762,198.43118,25.902662
2010,763,200.94475,26.284624
2010,764,200.54466,26.019428
2010,767,194.35728,25.309483
2010,768,176.26671,26.176588
2010,769,195.85565,25.809397
2010,770,196.01875,26.237043
2010,771,189.29559,26.668341
2010,772,179.98343,26.87277
2010,773,196.24936,25.451189
2010,774,187.325,25.77586
2010,775,205.64157,25.834303
2010,776,184.71559,26.753035
2010,777,193.51567,26.363846
2010,779,200.96152,26.089077
2010,780,175.00761,27.031784
2010,781,189.27768,25.588991
2010,783,172.94197,26.429758
2010,784,165.52928,27.526348
2010,785,179.11383,27.057768
2010,786,203.09778,26.129755
2010,787,165.76193,27.448334
2010,788,200.38382,26.207586
2010,789,171.0497,27.050913
2010,791,305.99496,27.129416
2010,792,293.6189,25.871861
2010,793,319.32794,27.215401
2010,794,270.26855,26.884344
2010,795,322.49026,26.918318
2010,796,307.16937,27.110096
2010,797,309.78931,27.351597
2010,798,317.00705,27.413771
2010,799,302.8544,26.83857
2010,800,314.83841,26.942608
2010,801,307.00708,27.2792
2010,802,296.62021,26.191051
2010,803,294.18552,25.335083
2010,804,316.40924,26.222532
2010,805,293.8392,26.551962
2010,806,289.9006,25.72674
2010,807,300.55453,26.839373
2010,808,332.50934,27.116087
2010,809,331.32507,26.852325
2010,810,327.64233,27.268131
2010,811,288.7244,26.505835
2010,812,304.18387,26.168619
2010,813,319.81552,27.019831
2010,814,291.83817,23.947704
2010,815,329.02551,27.8592
2010,816,288.17477,25.211601
2010,817,291.61334,26.644531
2010,818,292.91916,26.537426
2010,819,273.65396,26.69953
2010,820,276.74539,24.79052
2010,821,278.36172,22.403011
2010,822,285.02618,24.293495
2010,823,311.61777,26.536854
2010,825,274.48355,26.801775
2010,826,289.65036,25.989338
2010,827,277.76343,26.963655
2010,828,311.36087,27.544159
2010,830,284.21603,22.131582
2010,831,286.86322,26.440136
2010,832,284.22675,26.453646
2010,833,281.59113,26.57036
2010,834,293.26117,23.674263
2010,835,293.63846,23.840229
2010,836,278.71533,23.805435
2010,837,349.36539,27.614275
2010,838,287.21872,25.717915
2010,839,281.38318,26.247511
2010,840,307.12128,26.539602
2010,841,278.0444,26.628567
2010,842,274.04523,26.386669
2010,843,297.56512,26.31181
2010,844,289.24585,25.61286
2010,845,344.60468,27.672039
2010,846,277.09903,26.613722
2010,847,292.40723,25.46755
2010,848,285.14694,25.671871
2010,849,287.96777,25.379461
2010,850,271.2341,26.536579
2010,851,274.91354,26.906055
2010,852,274.31027,26.956436
2010,853,320.13266,26.652712
2010,854,291.80542,23.675627
2010,855,266.73419,25.022041
2010,856,311.07584,26.671583
2010,857,251.8454,27.07369
2010,858,255.38101,25.98197
2010,859,259.73111,26.098515
2010,860,241.23108,26.558002
2010,861,239.86453,27.245646
2010,862,268.63339,26.182762
2010,863,273.72241,26.019808
2010,864,209.69165,27.715727
2010,865,236.82611,25.770176
2010,866,245.35526,25.980915
2010,867,267.73239,26.429878
2010,868,287.28433,27.628859
2010,869,240.18863,27.004646
2010,870,243.58449,26.575792
2010,871,262.64752,25.973501
2010,872,202.07339,26.809172
2010,873,256.09061,25.799023
2010,874,296.51694,26.524048
2010,875,281.74911,27.473833
2010,876,221.62592,27.368294
2010,877,284.25763,26.278257
2010,878,214.43028,27.260849
2010,879,295.58792,26.846231
2010,880,294.95966,26.401123
2010,881,206.39941,26.777252
2010,882,240.3,26.766516
2010,883,295.3894,27.588131
2010,884,207.21935,27.178331
2010,885,239.39754,26.36195
2010,886,264.25006,27.766659
2010,887,196.66302,26.959497
2010,888,259.42871,26.807261
2010,889,207.02985,27.824913
2010,890,251.70392,26.328081
2010,891,259.30017,27.583025
2010,892,204.18816,27.702806
2010,893,272.99863,27.6604
2010,894,260.88947,26.882282
2010,895,271.64752,27.823923
2010,896,279.61264,27.555859
2010,897,242.15227,26.707829
2010,898,203.24802,26.757879
2010,899,232.05699,26.383196
2010,900,286.31195,26.663399
2010,901,275.54089,26.312563
2010,903,180.1738,27.839809
2010,904,264.88315,27.76918
2010,905,209.49313,27.738419
2010,906,236.60349,27.616142
2010,907,272.44415,27.0396
2010,908,257.62576,27.043633
2010,909,175.06816,27.269964
2010,910,215.68658,27.75206
2010,911,216.93277,27.662966
2010,912,231.83542,26.740061
2010,913,188.70029,27.827724
2010,914,235.51772,27.089758
2010,915,231.69894,27.768633
2010,916,209.8409,27.775373
2010,917,172.5905,27.604971
2010,918,297.55334,26.9175
2010,919,225.61073,27.750862
2010,920,200.62427,27.75349
2010,921,189.48708,27.710976
2010,922,181.43686,27.766247
2010,923,182.24377,27.816044
2010,924,280.34421,27.527918
2010,925,203.96211,27.767849
2010,926,218.5686,27.680239
2010,927,256.68643,25.997789
2010,928,258.61572,27.680914
2010,929,272.79907,27.673307
2010,930,197.71339,27.810457
2010,931,240.66562,26.953827
2010,932,229.22061,27.748343
2010,933,268.35812,25.974001
2010,934,177.1801,26.689861
2010,935,176.60741,26.512718
2010,936,178.35526,26.755257
2010,937,170.50169,27.024124
2010,938,165.77985,26.946869
2010,939,171.62563,26.483377
2010,940,197.38525,27.556381
2010,941,204.09723,27.154634
2010,942,201.73615,27.76256
2010,943,206.61156,27.577366
2010,944,210.55966,27.724165
2010,945,203.07712,27.955282
2010,946,200.51796,27.376402
2010,947,207.27617,27.669285
2010,948,203.51448,27.932552
2010,949,198.74461,27.674906
2010,950,197.65689,27.510674
2010,951,200.11781,27.653721
2010,952,203.7401,27.030869
2010,953,221.14417,27.282965
2010,954,211.2717,27.406286
2010,955,206.09569,27.884748
2010,956,206.71832,27.995291
2010,957,211.63417,27.552734
2010,958,218.8618,27.319704
2010,959,187.91081,27.398056
2010,960,205.02884,27.528072
2010,978,277.26221,26.773575
2010,979,232.31927,27.666435
2010,980,301.81558,26.716866
2010,981,256.12939,27.164339
2010,982,297.2261,26.213425
2010,983,279.46732,26.420883
2010,984,299.43912,23.170685
2010,985,288.90363,26.065607
2010,986,254.43573,27.267595
2010,987,271.18558,26.957775
2010,988,301.95227,26.672071
2010,989,282.67523,26.646646
2010,990,232.94237,27.656307
2010,991,252.3029,27.262844
2010,992,289.54016,26.296112
2010,993,304.98215,26.528193
2010,994,293.55759,26.186548
2010,995,216.21169,27.038029
2010,996,228.70926,26.695213
2010,997,263.32199,25.824869
2010,998,235.08136,27.017698
2010,999,218.39732,26.838993
2010,1000,288.11896,24.292397
2010,1001,216.74498,26.811859
2010,1002,280.83258,25.406502
2010,1003,210.38751,27.203371
2010,1004,225.11078,27.187277
2010,1005,212.99515,26.78368
2010,1006,236.71162,26.838739
2010,1007,243.21935,26.546095
2010,1008,199.45218,27.367579
2010,1009,219.78387,27.058441
2010,1010,257.17203,27.36854
2010,1011,280.55481,27.221624
2010,1012,255.29579,26.603546
2010,1013,277.08694,25.392267
2010,1014,243.7144,26.731951
2010,1015,221.94052,26.738094
2010,1016,251.73907,26.543774
2010,1017,239.35861,26.734152
2010,1018,205.19232,27.206926
2010,1019,257.32236,26.388994
2010,1020,214.52356,26.755163
2010,1021,275.3689,18.431269
2010,1022,242.55093,17.977648
2010,1023,246.6413,20.000191
2010,1024,262.29736,19.366318
2010,1025,248.8743,22.77919
2010,1026,179.58571,26.076262
2010,1027,249.40154,17.736832
2010,1028,271.84802,19.190517
2010,1029,254.85271,18.843422
2010,1030,231.28679,20.608223
2010,1031,228.28592,27.36272
2010,1032,231.48485,27.314726
2010,1033,249.38731,26.370878
2010,1034,220.48466,26.321123
2010,1035,196.25677,26.427553
2010,1036,255.86101,26.331026
2010,1037,251.81363,26.801352
2010,1038,219.90959,27.142015
2010,1039,181.27727,27.761318
2010,1040,248.13051,26.717741
2010,1041,253.26105,27.614359
2010,1042,253.6041,26.835934
2010,1043,248.32698,26.88809
2010,1044,245.82216,27.067142
2010,1045,244.97179,26.94496
2010,1046,244.39091,26.855459
2010,1047,246.97336,26.532919
2010,1048,220.53691,27.290852
2010,1049,237.00386,26.968674
2010,1050,236.25673,25.520895
2010,1051,250.91765,27.484543
2010,1052,222.28226,27.447258
2010,1053,195.54376,27.41946
2010,1054,231.88014,24.682329
2010,1055,214.55043,25.619469
2010,1056,237.92288,27.498875
2010,1057,224.39339,26.813292
2010,1058,251.16574,27.095833
2010,1059,233.88075,25.850023
2010,1060,184.59215,27.216784
2010,1061,232.27063,27.468914
2010,1062,225.68645,26.888563
2010,1063,205.73834,26.86685
2010,1064,239.83871,25.96175
2010,1065,161.8774,27.426338
2010,1066,228.32333,26.44046
2010,1067,250.34586,27.100388
2010,1068,242.14752,26.925377
2010,1069,242.81357,25.762466
2010,1070,230.28232,25.427172
2010,1071,203.3454,26.30352
2010,1072,149.75165,27.796154
2010,1073,228.32402,25.910397
2010,1074,243.14651,25.630194
2010,1075,233.01692,26.093775
2010,1076,236.90059,26.697174
2010,1077,221.97435,26.575699
2010,1078,219.93819,26.670023
2010,1079,193.65747,26.927353
2010,1080,235.26891,26.404627
2010,1081,213.86819,26.94417
2010,1082,224.60759,26.072052
2010,1083,220.90668,26.55262
2010,1084,246.46484,25.433672
2010,1085,240.97224,25.198338
2010,1086,205.36375,26.657806
2010,1087,201.43985,26.672298
2010,1088,265.97229,24.687462
2010,1089,210.47231,27.478842
2010,1090,218.36037,26.459389
2010,1091,236.47107,25.043695
2010,1092,249.30504,25.943998
2010,1093,221.12666,27.178885
2010,1094,200.11545,27.643681
2010,1095,201.85774,26.387327
2010,1096,236.38591,26.888828
2010,1097,186.34338,27.555128
2010,1098,229.74762,24.247168
2010,1099,207.06734,25.341326
2010,1100,205.52428,27.164721
2010,1101,214.12369,27.69113
2010,1102,242.97409,27.415829
2010,1103,203.51811,27.720343
2010,1104,212.2753,26.722483
2010,1105,182.72493,26.909592
2010,1106,263.7207,26.637983
2010,1107,273.79709,27.22797
2010,1108,276.56653,26.402363
2010,1109,240.85443,27.0145
2010,1110,283.70511,26.572361
2010,1111,314.8815,26.151861
2010,1112,318.17868,26.346008
2010,1113,317.29889,26.561035
2010,1114,313.93704,26.371128
2010,1115,305.20978,26.201551
2010,1116,267.48657,26.909405
2010,1117,280.70056,26.061443
2010,1118,323.61551,26.093578
2010,1119,295.03156,26.19832
2010,1120,323.82761,26.276787
2010,1121,309.18515,26.350981
2010,1122,272.58102,26.885994
2010,1123,247.91113,26.813894
2010,1124,265.69861,26.01388
2010,1125,274.68518,26.938425
2010,1126,305.84549,26.32448
2010,1127,224.96666,27.181089
2010,1128,293.42209,25.977173
2010,1129,268.68192,26.328539
2010,1130,154.8297,27.620611
2010,1131,196.48547,25.219847
2010,1132,162.02144,27.483986
2010,1133,168.48227,27.526878
2010,1134,175.26924,24.273819
2010,1135,167.57922,27.428083
2010,1136,209.88766,24.81905
2010,1137,174.11893,27.40976
2010,1138,165.97169,27.376112
2010,1139,206.5475,25.610662
2010,1140,160.98036,27.594486
2010,1141,157.08983,27.548698
2010,1142,189.36288,26.447006
2010,1143,155.06139,27.677214
2010,1144,163.78389,27.299606
2010,1145,165.02937,26.906084
2010,1146,163.01053,27.415886
2010,1147,166.33405,27.629227
2010,1148,175.65459,27.134398
2010,1149,179.48056,25.824671
2010,1150,170.9575,27.428583
2010,1151,156.25737,27.595346
2010,1152,173.65919,27.096495
2010,1153,157.6734,27.602753
2010,1154,167.42242,27.525675
2010,1155,167.11275,27.076656
2010,1156,162.05365,27.521233
2010,1157,164.3378,27.410906
2010,1158,158.80443,27.503323
2010,1159,160.21167,27.444849
2010,1160,163.89421,27.400362
2010,1161,152.92673,27.65542
2010,1162,209.23718,22.779238
2010,1163,197.68059,22.121994
2010,1164,165.64638,23.847075
2010,1165,173.94884,25.887482
2010,1166,167.52754,24.09963
2010,1167,163.29678,24.67013
2010,1168,184.36482,25.44623
2010,1169,190.57736,22.955671
2010,1170,193.00099,22.374744
2010,1171,202.88367,22.897554
2010,1172,199.35837,20.103161
2010,1173,182.11327,24.410721
2010,1174,180.1769,22.398781
2010,1175,157.93472,25.962214
2010,1176,171.49377,25.137461
2010,1177,195.65793,25.315815
2010,1178,245.12091,27.033693
2010,1179,178.50862,27.026205
2010,1180,185.62172,27.156752
2010,1181,272.37967,27.489643
2010,1182,189.35309,27.023811
2010,1183,193.5239,25.996399
2010,1184,253.95988,27.83164
2010,1185,232.35744,24.723507
2010,1186,264.4646,27.388866
2010,1187,206.94279,25.892138
2010,1188,209.71281,25.027311
2010,1189,228.47937,25.864542
2010,1190,232.28514,26.385939
2010,1191,264.86972,26.996851
2010,1192,196.10464,27.356674
2010,1193,218.11534,26.524017
2010,1194,249.96376,25.951542
2010,1196,203.25076,26.70466
2010,1197,208.17622,26.811422
2010,1198,197.35707,27.027941
2010,1199,208.36313,24.063578
2010,1200,233.33479,27.2446
2010,1201,215.19824,23.406633
2010,1202,206.83708,27.059757
2010,1203,205.57019,26.97554
2010,1204,146.16339,26.70402
2010,1205,261.15726,27.814964
2010,1206,192.07594,27.824106
2010,1207,176.40718,27.485523
2010,1208,161.54829,27.142469
2010,1209,163.97659,25.554993
2010,1210,248.18802,27.55212
2010,1211,176.00325,27.885706
2010,1212,258.88702,27.528135
2010,1213,254.65082,27.699705
2010,1214,231.68385,27.95307
2010,1215,184.20569,27.587362
2010,1216,206.21315,27.438862
2010,1217,228.24763,27.687103
2010,1218,233.69678,27.91268
2010,1219,153.71689,26.312466
2010,1220,149.20882,26.5912
2010,1221,150.5166,26.69281
2010,1222,155.26256,26.968695
2010,1223,168.10147,27.16106
2010,1224,170.41298,27.190813
2010,1225,151.22589,27.031878
2010,1226,190.93416,27.47521
2010,1227,188.30302,27.081816
2010,1228,202.20102,27.463978
2010,1229,177.01459,27.264549
2010,1230,193.05289,27.502525
2010,1231,188.42529,27.476862
2010,1232,215.08664,27.111185
2010,1233,199.02214,27.537313
2010,1234,211.22278,27.528101
2010,1235,196.43221,26.002455
2010,1236,202.11824,27.512455
2010,1237,169.1476,27.264917
2010,1238,205.9697,27.486979
2010,1239,182.01697,27.524439
2010,1240,197.13206,27.517372
2010,1241,204.1127,26.44042
2010,1242,188.93932,27.532135
2010,1243,194.73137,27.444544
2010,1244,197.83942,27.453905
2010,1245,182.65417,27.522997
2010,1246,196.03409,27.518816
2010,1247,194.39835,27.519047
2010,1248,204.53296,27.505898
2010,1249,251.54193,27.150269
2010,1250,210.46187,26.765049
2010,1251,242.94115,27.477764
2010,1252,182.37677,27.561144
2010,1253,233.86499,27.31567
2010,1254,174.09946,27.457806
2010,1255,171.01532,27.438383
2010,1256,246.65572,27.194056
2010,1257,193.37959,27.579603
2010,1258,179.66333,27.584661
2010,1259,185.17969,27.577442
2010,1260,181.42029,27.298697
2010,1261,216.05171,27.652739
2010,1262,239.08966,27.062605
2010,1263,218.74171,27.01647
2010,1264,253.67128,27.269611
2010,1265,211.08754,27.598534
2010,1266,215.74496,27.661152
2010,1267,249.1067,27.194098
2010,1268,236.78355,26.716238
2010,1269,224.55356,26.794495
2010,1270,188.92183,27.50728
2010,1271,220.29283,27.626266
2010,1272,237.95638,26.726368
2010,1273,191.75198,27.545044
2010,1274,194.9344,27.526337
2010,1275,209.22623,27.612543
2010,1276,201.60701,26.290344
2010,1277,199.90665,27.564491
2010,1278,169.28099,25.340885
2010,1279,191.13234,27.347347
2010,1280,174.09105,27.48597
2010,1281,204.66278,27.586832
2010,1282,199.23871,27.456209
2010,1283,201.43996,27.526133
2010,1284,172.08298,26.479551
2010,1285,168.0157,25.280945
2010,1286,170.30638,25.557905
2010,1287,201.54321,27.577997
2010,1288,172.88791,27.478384
2010,1289,180.42427,27.546097
2010,1290,183.14413,26.130074
2010,1291,235.26051,27.176601
2010,1292,169.10394,27.395214
2010,1293,166.31749,26.969097
2010,1294,193.31358,27.588936
2010,1295,184.55708,27.515791
2010,1296,181.26955,27.512558
2010,1297,173.28081,27.303289
2010,1298,193.2061,27.150091
2010,1299,183.3136,26.940525
2010,1300,180.72176,27.007324
2010,1301,243.62846,27.020504
2010,1302,201.42406,27.259212
2010,1303,173.37926,26.401333
2010,1304,167.6852,27.175129
2010,1305,178.99921,26.00066
2010,1306,170.61789,27.235514
2010,1307,236.06364,25.162573
2010,1308,199.36748,27.009539
2010,1309,180.00769,27.168251
2010,1311,214.84904,27.105782
2010,1312,248.07556,27.167772
2010,1313,185.76193,27.078501
2010,1314,202.53435,25.170815
2010,1315,170.68149,27.197443
2010,1316,173.74814,27.28154
2010,1317,198.3647,26.515448
2010,1318,159.75471,27.107409
2010,1319,174.32501,27.235123
2010,1320,177.37004,27.066702
2010,1321,245.46822,26.966887
2010,1322,241.03888,27.158085
2010,1323,192.63792,27.193527
2010,1324,173.67189,27.362541
2010,1325,180.28705,27.154379
2010,1326,230.66161,27.00474
2010,1327,191.7352,27.185541
2010,1328,217.8248,25.827255
2010,1329,199.23357,25.983196
2010,1330,163.03291,26.925005
2010,1331,162.52066,26.858776
2010,1332,156.29683,27.054661
2010,1333,165.42165,27.022993
2010,1334,172.98611,26.530331
2010,1335,226.62222,26.737198
2010,1336,190.18881,26.025312
2010,1337,163.61382,26.973532
2010,1338,174.78207,27.276051
2010,1339,203.33537,26.018806
2010,1340,193.24352,25.551872
2010,1341,184.57773,25.77636
2010,1342,244.8248,24.008577
2010,1343,222.93533,23.345764
2010,1344,181.57567,26.789499
2010,1345,186.94109,27.005646
2010,1346,216.39938,25.827604
2010,1347,190.22275,26.716524
2010,1348,174.84097,26.891216
2010,1349,191.23366,27.654085
2010,1350,171.4496,26.932276
2010,1351,178.5162,26.758711
2010,1352,186.55521,26.891094
2010,1353,190.69286,26.384279
2010,1354,228.90366,24.72307
2010,1355,215.39369,26.763666
2010,1356,211.19365,25.754555
2010,1357,185.37544,27.421873
2010,1358,194.22359,26.8958
2010,1359,236.50667,27.119623
2010,1360,175.74203,26.876701
2010,1361,206.4778,26.241222
2010,1362,199.04431,26.984037
2010,1363,190.01663,27.213434
2010,1364,175.95598,27.435883
2010,1365,236.1729,27.49461
2010,1366,243.13568,27.369825
2010,1367,203.65143,26.361889
2010,1368,224.69514,27.136892
2010,1369,187.70389,27.165855
2010,1370,203.52336,26.822353
2010,1371,207.31866,26.997166
2010,1372,214.42967,25.840992
2010,1373,291.90363,27.412182
2010,1374,259.8804,27.515108
2010,1375,222.04874,26.816065
2010,1376,225.14755,26.082352
2010,1377,299.57419,26.085463
2010,1378,266.83505,25.952869
2010,1379,300.3512,25.674368
2010,1380,278.35791,25.631708
2010,1381,251.23299,26.113596
2010,1382,279.26086,26.024242
2010,1383,317.87286,25.612146
2010,1384,291.37909,25.328552
2010,1385,305.13297,26.212309
2010,1386,306.78891,25.613317
2010,1387,296.58966,25.42355
2010,1388,264.33252,26.928782
2010,1389,309.66498,25.641869
2010,1390,296.72543,25.794603
2010,1391,285.92749,25.807764
2010,1392,307.06665,25.43099
2010,1393,287.79141,26.267445
2010,1394,266.38342,26.013498
2010,1395,275.28336,26.537817
2010,1396,232.31802,25.919323
2010,1397,223.22264,26.390944
2010,1398,257.17398,25.95797
2010,1399,265.55179,26.526133
2010,1400,271.70786,26.414232
2010,1401,261.97955,26.389679
2010,1402,133.30205,26.359619
2010,1403,138.03378,26.356594
2010,1404,166.56335,26.280006
2010,1405,146.66824,26.057068
2010,1406,181.94736,26.901379
2010,1407,139.24472,26.021439
2010,1408,156.90916,25.570099
2010,1409,149.49478,27.600584
2010,1410,162.8223,27.139425
2010,1411,163.38536,27.407427
2010,1412,159.11206,27.510071
2010,1413,158.47447,27.430483
2010,1414,169.14951,26.999573
2010,1415,285.50085,26.901564
2010,1416,254.77878,27.17465
2010,1417,281.72797,26.025564
2010,1418,287.59842,26.93906
2010,1419,279.44666,27.131628
2010,1420,252.71574,27.415834
2010,1421,292.1528,27.254396
2010,1422,270.80606,26.488304
2010,1423,277.28662,26.834667
2010,1424,266.43762,27.061155
2010,1425,252.82961,26.769396
2010,1426,267.46408,27.51297
2010,1427,298.21219,27.195042
2010,1428,262.97046,26.80546
2010,1429,298.16605,26.471821
2010,1430,158.04715,26.755539
2010,1431,116.55159,27.261469
2010,1432,156.30737,26.960531
2010,1433,207.13237,24.297415
2010,1434,176.98576,27.295145
2010,1435,146.3383,26.010357
2010,1436,171.14479,27.236391
2010,1437,167.68874,26.237577
2010,1438,179.25288,24.548861
2010,1439,183.98247,24.87903
2010,1440,172.12523,27.41769
2010,1441,165.47804,25.38055
2010,1442,303.02899,26.534733
2010,1443,262.07907,26.732424
2010,1444,301.29355,26.454933
2010,1445,302.08783,27.02247
2010,1446,289.93121,26.37388
2010,1447,289.77469,26.736883
2010,1448,262.44125,27.434454
2010,1449,248.73375,26.484205
2010,1450,255.85486,26.750479
2010,1451,263.49374,26.426201
2010,1452,261.86188,26.692207
2010,1453,303.87225,26.702677
2010,1454,292.75739,26.707575
2010,1455,292.00732,26.824018
2010,1456,299.29626,26.620247
2010,1457,303.87161,26.741432
2010,1458,308.19388,26.241302
2010,1459,287.08749,25.952013
2010,1460,264.2496,26.399235
2010,1461,207.78429,25.595154
2010,1463,177.74506,25.933882
2010,1464,220.30313,26.493856
2010,1465,218.1011,26.026918
2010,1466,245.17557,25.614952
2010,1467,197.0415,27.797468
2010,1468,250.12845,26.384165
2010,1469,161.17926,27.399372
2010,1470,224.12541,26.281641
2010,1471,183.29845,27.857332
2010,1472,221.58899,24.812061
2010,1473,187.05099,27.706793
2010,1474,181.20967,27.232327
2010,1475,187.26305,26.452278
2010,1476,192.48247,26.848024
2010,1477,191.51364,26.819082
2010,1478,160.33017,26.90085
2010,1479,193.03075,26.96666
2010,1480,187.21161,26.799276
2010,1481,191.78777,26.930719
2010,1482,154.05342,27.006001
2010,1483,190.89677,26.957247
2010,1484,168.05193,27.235134
2010,1485,179.89432,26.78124
2010,1486,182.06708,26.837816
2010,1487,192.43765,26.464256
2010,1488,157.60141,26.886143
2010,1489,190.66991,26.645374
2010,1490,166.6315,26.885136
2010,1491,197.28122,27.279453
2010,1492,371.51639,26.552698
2010,1493,374.19562,27.286875
2010,1494,391.93558,27.547892
2010,1495,399.35895,26.344994
2010,1496,412.93719,27.622091
2010,1497,400.99533,27.671083
2010,1498,413.14279,27.771278
2010,1499,385.72876,26.742477
2010,1501,353.63046,26.985014
2010,1502,343.5303,26.736534
2010,1503,405.47882,27.670343
2010,1504,359.63153,27.274294
2010,1505,396.2616,27.604959
2010,1506,334.70142,26.929235
2010,1507,399.44159,27.647945
2010,1508,389.48624,27.584177
2010,1509,348.75769,27.097458
2010,1510,414.23727,27.465015
2010,1511,347.03668,27.494537
2010,1512,356.54807,27.536188
2010,1513,364.75064,27.037624
2010,1514,386.53345,27.257231
2010,1515,426.65005,27.540922
2010,1516,362.51282,27.339037
2010,1517,425.11218,26.971621
2010,1518,421.36688,26.724079
2010,1519,418.29654,26.372776
2010,1520,416.76947,26.568766
2010,1521,437.61862,27.081654
2010,1522,396.04614,27.399046
2010,1523,426.32053,26.563433
2010,1524,387.05869,27.040585
2010,1525,341.47781,27.293695
2010,1526,418.83835,26.540445
2010,1527,408.34128,26.556458
2010,1528,402.57687,26.759802
2010,1529,404.29126,26.807545
2010,1530,386.564,27.300922
2010,1531,422.32596,27.257828
2010,1532,424.97787,26.809118
2010,1533,170.36475,27.613895
2010,1534,197.28586,25.813776
2010,1535,183.39421,27.575127
2010,1536,191.0423,26.43247
2010,1537,158.86235,27.553452
2010,1538,168.43983,27.622553
2010,1539,153.54944,27.671837
2010,1540,204.02786,25.513247
2010,1541,174.36147,27.60939
2010,1542,173.09549,27.618542
2010,1543,163.00215,27.656847
2010,1544,166.39587,27.648155
2010,1545,197.23495,26.336899
2010,1546,203.89972,25.221758
2010,1547,174.93575,27.550491
2010,1548,179.64456,27.408112
2010,1549,160.40802,27.600063
2010,1550,158.44179,27.679373
2010,1551,166.39525,27.11268
2010,1552,161.2952,27.014172
2010,1553,174.8049,27.316135
2010,1554,164.64165,26.982664
2010,1555,159.46617,27.141615
2010,1556,171.26559,27.275341
2010,1557,166.38106,27.246077
2010,1558,171.68713,27.264738
2010,1559,153.27628,27.175865
2010,1560,160.0789,27.109243
2010,1561,217.51682,27.834753
2010,1562,244.29778,25.808226
2010,1563,258.43243,26.06843
2010,1564,233.54262,24.606499
2010,1565,265.89502,27.001333
2010,1566,260.70303,25.724854
2010,1567,242.87064,24.929724
2010,1568,247.33714,26.488316
2010,1569,251.32635,24.457712
2010,1570,275.58575,26.6943
2010,1571,265.62198,26.786636
2010,1572,245.96971,25.819265
2010,1573,273.88541,27.28908
2010,1574,236.92578,25.980787
2010,1575,256.52542,26.3748
2010,1576,275.63382,26.688332
2010,1577,222.94199,26.715435
2010,1578,239.68185,27.497864
2010,1579,258.83267,27.357441
2010,1580,266.48132,26.750925
2010,1581,231.84541,26.944338
2010,1582,267.34375,26.849823
2010,1583,239.34717,26.952221
2010,1584,268.2522,27.188009
2010,1585,261.57712,27.037527
2010,1586,241.23616,27.035749
2010,1587,249.86539,27.280533
2010,1588,265.31973,26.798864
2010,1589,273.75317,26.539513
2010,1590,267.85547,27.020405
2010,1591,253.16904,27.540136
2010,1592,266.12347,26.960094
2010,1593,245.77954,27.424541
2010,1594,261.69452,26.965878
2010,1595,283.68494,26.368675
2010,1596,281.41769,26.63656
2010,1597,190.13431,26.72209
2010,1598,240.17349,27.374306
2010,1599,274.9075,27.073423
2010,1600,205.31123,27.180763
2010,1601,198.88116,27.066877
2010,1602,252.85616,26.80891
2010,1603,307.96301,26.645422
2010,1604,277.31735,27.126722
2010,1605,297.62439,27.106903
2010,1606,302.10049,26.883259
2010,1607,303.96304,26.56909
2010,1608,285.91678,26.481724
2010,1609,301.2995,26.523436
2010,1610,293.2933,26.035757
2010,1611,283.43317,27.114044
2010,1612,301.00513,26.996647
2010,1614,287.41357,26.999155
2010,1615,289.77213,26.956514
2010,1616,288.2431,27.062628
2010,1617,286.94247,27.100574
2010,1618,292.12085,26.366938
2010,1619,291.05307,26.895653
2010,1620,299.96518,26.558893
2010,1621,295.67081,27.499331
2010,1622,298.41812,26.670517
2010,1623,298.70782,26.386339
2010,1624,307.72339,26.714014
2010,1625,295.8201,26.435421
2010,1626,300.94983,27.372303
2010,1627,297.3714,27.19104
2010,1628,294.18314,26.6201
2010,1629,308.64682,26.766878
2010,1630,282.71466,27.304132
2010,1631,188.09505,26.653645
2010,1632,255.48198,27.366468
2010,1633,277.17007,26.754488
2010,1634,267.81683,27.138247
2010,1635,264.9014,26.965773
2010,1636,233.87733,27.280237
2010,1637,261.8194,27.084728
2010,1638,247.68517,27.447922
2010,1639,268.60645,27.052509
2010,1640,248.40785,27.194862
2010,1641,238.72993,27.6166
2010,1642,249.48289,27.449894
2010,1643,226.49959,26.689255
2010,1644,257.18143,27.254856
2010,1645,243.06668,27.471867
2010,1646,240.97049,26.939861
2010,1647,210.76482,27.070887
2010,8887,62.889954,7.8133297
2010,9991,186.3116,27.537836
2010,9992,162.9575,27.11846
2010,9993,206.33733,26.515442
