id_2,Ld,Ld_skilled,Ld_unskilled
1,22301,9647,12654
2,1862,321,1541
3,8266,1930,6336
4,1071,293,778
5,1034,306,728
6,2269,682,1587
7,5513,1930,3583
8,7056,1807,5249
9,1503,435,1068
10,6525,2217,4308
11,2009,440,1569
12,1599,423,1176
13,2156,609,1547
14,3397,804,2593
15,2188,638,1550
16,5484,1410,4074
17,2902,878,2024
18,5743,2007,3736
19,5245,1364,3881
20,3069,912,2157
21,2304,475,1829
22,4811,1175,3636
23,2795,836,1959
24,6838,1965,4873
25,2775,454,2321
26,2790,638,2152
27,2700,656,2044
28,26724,5789,20935
29,143155,48107,95048
30,29226,8634,20592
31,8695,1353,7342
32,10502,1393,9109
33,8316,1701,6615
34,10230,985,9245
35,11114,3135,7979
37,20178,7001,13177
38,6456,1236,5220
39,9491,1435,8056
40,9064,1268,7796
41,47993,8960,39033
42,14052,2116,11936
43,21547,1852,19695
44,10108,1012,9096
45,15253,1476,13777
46,36341,5538,30803
47,15184,1910,13274
48,30059,7493,22566
49,12742,987,11755
50,11915,1740,10175
51,13985,1372,12613
52,15731,2352,13379
53,21744,3707,18037
54,18977,1717,17260
55,12341,2855,9486
56,12590,2469,10121
57,17296,5954,11342
58,14391,3176,11215
59,8522,2228,6294
60,20538,5070,15468
61,36742,17763,18979
62,7208,2505,4703
63,13031,2286,10745
64,9403,1394,8009
65,12229,3780,8449
66,12713,3272,9441
67,13097,3716,9381
68,12650,2739,9911
69,18209,5667,12542
70,14167,6226,7941
71,9369,2170,7199
72,29453,5463,23990
74,31295,6236,25059
75,56899,18517,38382
76,38185,9429,28756
77,8860,843,8017
78,87025,31212,55813
79,33783,4386,29397
80,46480,8311,38169
81,15564,3237,12327
82,17882,2841,15041
83,10275,1000,9275
84,31260,6129,25131
85,22933,2845,20088
86,36306,8082,28224
87,14148,1061,13087
88,14830,3642,11188
89,56789,14442,42347
90,22302,4695,17607
91,11036,2818,8218
92,9888,2054,7834
93,6377,2137,4240
94,14876,3454,11422
95,10236,1736,8500
96,18084,3989,14095
97,20023,5309,14714
98,12424,1995,10429
99,6880,1536,5344
100,14196,3232,10964
101,16048,3157,12891
102,27669,11497,16172
103,13464,2052,11412
104,8086,1680,6406
105,25929,6962,18967
106,11322,2297,9025
107,14858,3833,11025
108,9245,1456,7789
109,7087,922,6165
110,10776,2000,8776
111,8165,1541,6624
112,7737,1227,6510
113,7082,1958,5124
114,6021,1284,4737
115,5641,1328,4313
116,15953,5435,10518
117,10413,1635,8778
118,7424,979,6445
119,4892,737,4155
120,10523,1412,9111
121,12107,1947,10160
122,18485,3997,14488
123,11002,2394,8608
124,4749,550,4199
125,8516,586,7930
126,7153,259,6894
127,40134,14226,25908
128,31725,6828,24897
129,13411,1012,12399
130,15794,2174,13620
131,24344,1899,22445
132,8314,517,7797
133,7914,261,7653
134,7160,385,6775
135,19338,7271,12067
136,12572,3283,9289
137,41965,16429,25536
138,43249,11100,32149
139,26444,6751,19693
140,26935,8192,18743
141,52367,14860,37507
142,11656,2834,8822
143,31178,9617,21561
144,25924,8048,17876
145,18886,5965,12921
146,15899,5779,10120
147,3813,2460,1353
148,1782,611,1171
149,686,397,289
150,1079,544,535
151,938,415,523
152,708,395,313
153,15113,4476,10637
154,11382,4149,7233
155,39490,10033,29457
156,9008,1528,7480
157,142138,52818,89320
158,43384,15917,27467
159,32969,7258,25711
160,24843,3926,20917
161,14085,4296,9789
162,23112,6957,16155
163,15261,2492,12769
164,37612,10305,27307
165,21800,4311,17489
166,123356,41011,82345
167,19005,3829,15176
168,21538,7076,14462
169,19120,5899,13221
170,12107,4148,7959
171,53687,12417,41270
172,19075,4533,14542
173,46812,9915,36897
174,29370,9317,20053
175,41096,6885,34211
176,15006,4384,10622
177,9294,3072,6222
178,28511,11169,17342
179,8006,2608,5398
180,44966,12717,32249
182,24811,8946,15865
183,18865,4837,14028
184,67909,21940,45969
185,16402,3981,12421
186,9542,1730,7812
187,20632,4369,16263
188,9243,2044,7199
189,150877,87734,63143
190,6507,1061,5446
191,6387,1972,4415
192,17447,4211,13236
193,25773,8389,17384
194,6593,1467,5126
195,10221,2294,7927
196,7885,1269,6616
197,39404,19055,20349
198,17792,5114,12678
199,5360,1334,4026
200,20639,6177,14462
201,7592,1812,5780
202,7298,1707,5591
203,7214,1825,5389
204,8879,1592,7287
205,9230,1581,7649
206,5769,839,4930
207,8786,1350,7436
208,4559,1123,3436
209,19351,4706,14645
210,5053,1692,3361
211,11286,1742,9544
212,10105,1845,8260
213,8068,1993,6075
214,8441,3120,5321
215,9624,1844,7780
216,5936,883,5053
217,11316,1601,9715
218,9066,2066,7000
219,13317,1523,11794
220,15638,3702,11936
221,17076,3790,13286
222,20969,3006,17963
223,11674,1886,9788
224,9609,2245,7364
225,3546,1234,2312
226,7190,2168,5022
227,8835,1306,7529
228,8847,1045,7802
229,14298,3688,10610
230,7955,1740,6215
231,9126,2085,7041
232,12255,2927,9328
233,17372,3366,14006
234,21175,3325,17850
235,17017,4643,12374
236,13764,1346,12418
237,5915,1641,4274
238,8348,2908,5440
239,9173,3045,6128
240,26926,6977,19949
241,13710,2103,11607
242,9554,3110,6444
243,11510,2730,8780
244,13433,1726,11707
245,10174,811,9363
246,9396,1367,8029
247,5152,714,4438
248,10709,1649,9060
249,5315,1057,4258
250,13851,2253,11598
251,3989,1059,2930
252,43064,23087,19977
253,27776,4822,22954
254,13106,2072,11034
255,22667,5274,17393
256,30413,4236,26177
257,13138,3048,10090
258,13551,1197,12354
259,16413,1720,14693
260,10959,1143,9816
261,10191,1447,8744
262,28887,5114,23773
263,15697,1432,14265
264,13266,1313,11953
265,15821,2660,13161
266,16858,2120,14738
267,19031,1520,17511
268,21316,2289,19027
269,17668,2606,15062
270,65212,17426,47786
271,10111,871,9240
272,39759,9982,29777
273,39767,8319,31448
274,21933,2608,19325
275,42959,6185,36774
276,19796,1316,18480
277,9280,1131,8149
278,23347,2401,20946
279,78186,16145,62041
280,26590,7422,19168
281,33525,9632,23893
282,70620,22221,48399
283,51352,14284,37068
284,36813,9896,26917
285,27220,7893,19327
286,47010,14221,32789
287,7040,578,6462
288,39601,12431,27170
289,64277,16486,47791
290,104141,39168,64973
291,58616,19992,38624
292,99018,34747,64271
293,41779,10430,31349
294,31362,10261,21101
295,27240,6445,20795
296,24062,6513,17549
297,47001,14612,32389
298,39352,10668,28684
299,44634,10680,33954
300,178717,58070,120647
301,69413,14867,54546
302,40866,11458,29408
303,84752,24910,59842
304,15028,3414,11614
305,18536,3568,14968
306,14852,2955,11897
307,22107,3333,18774
308,32047,8602,23445
309,34895,5659,29236
310,15079,3413,11666
311,14644,3485,11159
312,6788,859,5929
313,11600,3273,8327
314,15927,4717,11210
315,14934,4233,10701
316,25996,5321,20675
317,17472,4170,13302
318,11790,2511,9279
319,19888,4586,15302
320,18379,4239,14140
321,10491,2304,8187
322,19910,4550,15360
323,11286,2881,8405
324,8183,1765,6418
325,11968,3792,8176
326,11349,2417,8932
327,1580,395,1185
328,7427,1585,5842
329,11731,1735,9996
330,35394,6242,29152
331,28842,5280,23562
332,68371,33400,34971
333,17657,3036,14621
334,12959,1513,11446
335,45546,17385,28161
336,23312,3889,19423
337,42502,6706,35796
338,21808,2927,18881
339,20215,2850,17365
340,6198,873,5325
341,4806,1065,3741
342,19596,2035,17561
343,12048,3183,8865
344,20030,3726,16304
345,24532,6133,18399
346,11253,1366,9887
348,21788,4750,17038
349,6654,1626,5028
351,34694,6177,28517
352,28259,4782,23477
353,8083,1290,6793
354,35123,7201,27922
355,10685,3404,7281
356,14978,4969,10009
357,19225,2389,16836
358,9878,1402,8476
359,4365,921,3444
360,10990,1009,9981
361,23747,5365,18382
362,47619,16536,31083
363,20817,3118,17699
364,43635,5995,37640
365,13406,1698,11708
366,11209,3008,8201
367,12028,2694,9334
368,20372,2657,17715
369,37022,12496,24526
370,77294,34402,42892
371,18865,2819,16046
372,14760,2151,12609
373,19092,2728,16364
374,35482,10503,24979
375,7685,877,6808
376,24090,3317,20773
377,13225,1500,11725
378,14188,2685,11503
379,16980,3845,13135
380,28429,4889,23540
381,8071,678,7393
382,19439,3422,16017
383,27670,3200,24470
384,8233,1987,6246
385,2633,587,2046
386,7062,2054,5008
387,17030,6150,10880
388,5347,1188,4159
389,13534,3113,10421
390,16791,3949,12842
391,14117,3472,10645
392,21566,4424,17142
393,12754,2904,9850
394,17583,3119,14464
395,17310,2995,14315
396,19998,5382,14616
397,22761,4917,17844
398,20700,4867,15833
399,20089,3849,16240
400,21899,5297,16602
401,14979,3754,11225
402,71389,27721,43668
403,11866,2439,9427
404,14851,2962,11889
405,24170,4683,19487
406,4657,1109,3548
407,5915,1151,4764
408,9033,2757,6276
409,11226,2073,9153
410,3491,867,2624
411,8535,1897,6638
412,4629,1548,3081
413,15906,3531,12375
414,6171,1162,5009
415,8741,1918,6823
416,30436,13444,16992
417,23112,7548,15564
418,15322,6417,8905
419,182280,80815,101465
420,24395,6647,17748
421,59451,20094,39357
422,212087,69915,142172
423,8027,2508,5519
424,62985,16715,46270
425,63796,16236,47560
426,117082,53691,63391
427,30130,12786,17344
428,37491,11271,26220
429,9880,2336,7544
430,17308,4659,12649
431,13533,5888,7645
432,40909,10855,30054
433,20051,7233,12818
434,45228,10876,34352
435,88111,26002,62109
436,23204,7214,15990
437,62072,16843,45229
438,9755,2660,7095
439,22417,7257,15160
440,5963,1098,4865
441,6855,1032,5823
442,11007,1555,9452
443,12456,1334,11122
444,33625,7638,25987
445,19773,2291,17482
446,15592,2259,13333
447,31560,4636,26924
448,34696,4941,29755
449,29449,3983,25466
450,35779,7119,28660
451,6574,1014,5560
452,14884,1765,13119
454,20155,3822,16333
455,14048,2779,11269
457,17270,3936,13334
458,36442,10533,25909
459,19010,4086,14924
460,36758,5802,30956
461,29049,4340,24709
462,54141,10954,43187
464,20625,2778,17847
465,7825,1759,6066
468,14640,2189,12451
469,9064,1536,7528
471,22825,3641,19184
473,12275,2438,9837
475,11450,2006,9444
476,5739,840,4899
477,26863,3281,23582
478,11410,1735,9675
479,8796,1343,7453
480,9002,1833,7169
481,25725,5049,20676
482,19947,1900,18047
483,23788,3282,20506
484,11198,1334,9864
485,7311,1332,5979
486,20566,3813,16753
487,14230,1930,12300
488,14148,1745,12403
489,9599,1103,8496
491,76465,17594,58871
492,27433,3322,24111
493,5792,1008,4784
494,33028,5863,27165
495,31025,1887,29138
496,17473,2724,14749
497,37089,6355,30734
498,24617,3040,21577
499,17936,3281,14655
500,47291,6155,41136
501,17492,2465,15027
502,33816,7252,26564
503,22898,3054,19844
504,33755,3713,30042
505,25354,3444,21910
506,10346,1876,8470
508,32032,5468,26564
509,24198,2767,21431
512,12130,1049,11081
513,46204,9682,36522
515,8668,476,8192
516,28890,6351,22539
518,70374,22301,48073
519,16851,731,16120
520,24512,4464,20048
521,28475,1389,27086
522,21795,2064,19731
523,22975,3050,19925
524,18076,2672,15404
525,51569,4211,47358
526,24879,3530,21349
527,14006,3741,10265
528,37866,5376,32490
529,23918,2333,21585
530,9107,555,8552
531,14871,2230,12641
532,22641,2948,19693
533,18268,2615,15653
534,5444,661,4783
535,18083,1541,16542
536,15141,1947,13194
537,21162,1996,19166
538,30783,4966,25817
539,19716,2023,17693
540,56975,12633,44342
541,16931,2217,14714
542,11956,822,11134
543,14538,1242,13296
544,6385,728,5657
545,5156,879,4277
546,8794,988,7806
547,4854,1061,3793
548,14157,2392,11765
549,3525,543,2982
550,6372,899,5473
551,5027,1133,3894
552,3986,714,3272
553,28720,10367,18353
554,8577,1714,6863
555,15997,2747,13250
556,4990,877,4113
557,5198,1170,4028
558,19890,5202,14688
559,3928,713,3215
560,3036,336,2700
561,4326,1036,3290
562,9969,2043,7926
563,1857,114,1743
564,5644,1361,4283
565,2472,709,1763
566,15492,2628,12864
567,5683,1042,4641
568,8266,1856,6410
569,6550,1468,5082
570,6342,1109,5233
571,7639,1805,5834
572,8599,1975,6624
573,23680,7356,16324
574,15727,4211,11516
575,19518,4456,15062
576,10947,1784,9163
577,8471,1464,7007
578,8200,1058,7142
579,11587,2721,8866
580,5987,889,5098
581,10806,2864,7942
582,5030,1387,3643
583,4737,1052,3685
584,7239,2433,4806
585,8172,3406,4766
586,10006,3651,6355
587,7601,1360,6241
588,4776,738,4038
589,780,87,693
590,17386,5749,11637
591,15756,4122,11634
592,8083,2382,5701
593,9346,2090,7256
594,28167,10228,17939
595,4909,1186,3723
596,615,156,459
597,6179,1901,4278
598,19004,4594,14410
599,826,122,704
600,56633,25601,31032
601,8539,1742,6797
602,3138,595,2543
603,10735,2556,8179
605,12627,4211,8416
606,14096,4245,9851
607,10501,2807,7694
608,9180,2556,6624
609,18766,6704,12062
610,13183,3900,9283
611,11986,3368,8618
612,16677,4367,12310
613,3568,706,2862
614,3830,1128,2702
615,17731,5551,12180
616,6453,1833,4620
617,17792,4811,12981
618,29243,9087,20156
619,10266,4068,6198
620,7226,1332,5894
621,5230,1327,3903
622,2377,536,1841
623,2328,619,1709
624,14571,3882,10689
625,2546,636,1910
626,21648,7086,14562
627,3918,693,3225
628,5977,1367,4610
629,3922,678,3244
630,4043,1391,2652
631,3370,1145,2225
632,13332,4217,9115
633,6342,2585,3757
634,7276,3100,4176
635,19145,5344,13801
636,12440,3371,9069
637,15200,5531,9669
638,8014,2804,5210
639,9433,2608,6825
640,14252,4621,9631
641,1314,241,1073
642,14016,4090,9926
643,1912,331,1581
644,5345,1022,4323
645,19388,5745,13643
646,27522,12650,14872
647,24821,5192,19629
648,17271,4862,12409
649,12387,2776,9611
650,12231,3760,8471
651,13345,2994,10351
652,15318,3844,11474
653,26142,9149,16993
654,19673,4824,14849
655,9304,1885,7419
656,6465,1449,5016
657,25935,9810,16125
658,25811,6477,19334
659,26271,3648,22623
660,17406,3032,14374
661,21949,6828,15121
662,17397,4650,12747
663,32460,9978,22482
664,19299,4878,14421
665,16468,6428,10040
666,14963,3256,11707
667,221574,110725,110849
668,29188,8103,21085
669,33714,9710,24004
670,13392,5240,8152
671,12873,2722,10151
672,24477,6312,18165
673,16662,4982,11680
674,32241,10579,21662
675,10082,3490,6592
676,10704,4575,6129
677,38000,14060,23940
678,39077,10183,28894
679,19216,8614,10602
680,34073,12020,22053
681,14675,2453,12222
682,15829,3652,12177
683,26613,6854,19759
684,12093,4488,7605
685,6924,1596,5328
686,26869,10994,15875
687,23040,5383,17657
688,28663,10152,18511
689,10426,2131,8295
690,10502,3981,6521
691,32844,8593,24251
692,20656,4885,15771
693,16962,4410,12552
694,12415,1749,10666
695,11573,2864,8709
696,21764,5615,16149
697,18240,4784,13456
698,58193,16141,42052
699,19693,4773,14920
700,13291,2839,10452
701,1667,282,1385
702,1706,184,1522
703,33989,9350,24639
704,14139,3786,10353
705,66942,16008,50934
706,22552,5288,17264
707,8635,2313,6322
708,1976,442,1534
709,14399,3131,11268
710,14449,3149,11300
711,7528,923,6605
712,10859,2140,8719
713,11603,2179,9424
714,23201,5547,17654
715,11188,2551,8637
716,27297,7020,20277
717,11500,3078,8422
718,7009,932,6077
719,10813,2790,8023
720,15329,3075,12254
721,21295,2964,18331
722,32051,9088,22963
723,9907,1809,8098
724,9866,1865,8001
725,63914,22038,41876
726,11570,2332,9238
727,26551,5622,20929
728,6623,1755,4868
729,5251,1136,4115
730,5152,1176,3976
731,13826,2851,10975
732,7439,1745,5694
733,41076,14397,26679
734,5459,1952,3507
735,7266,1433,5833
736,28471,10029,18442
737,22624,6200,16424
738,20413,7706,12707
739,6372,1135,5237
740,18785,5990,12795
741,17455,5011,12444
742,35928,13666,22262
743,3663,793,2870
744,10907,3499,7408
745,18251,5678,12573
746,24427,8540,15887
747,7322,2287,5035
748,23947,7060,16887
749,60756,28395,32361
750,8255,1702,6553
751,17481,5944,11537
752,16827,4877,11950
753,6168,1007,5161
754,8426,2227,6199
755,13181,3823,9358
756,20697,5898,14799
757,25969,7211,18758
758,119515,41097,78418
759,63854,20538,43316
760,163664,55647,108017
761,25196,5677,19519
762,11138,3067,8071
763,5830,1438,4392
764,10472,2251,8221
767,16156,4838,11318
768,48337,20106,28231
769,9812,3168,6644
770,14994,5031,9963
771,8367,1668,6699
772,10597,2076,8521
773,12363,3584,8779
774,28624,8405,20219
775,13026,3520,9506
776,19380,6308,13072
777,9920,2586,7334
779,11555,2860,8695
780,21883,6302,15581
781,7663,2600,5063
783,123453,43028,80425
784,166080,69151,96929
785,52900,17098,35802
786,13706,2773,10933
787,115523,40359,75164
788,15316,4296,11020
789,17393,4703,12690
791,9637,2400,7237
792,19945,4965,14980
793,11132,2526,8606
794,163168,64400,98768
795,22471,4203,18268
796,8437,1940,6497
797,13482,3583,9899
798,29685,5971,23714
799,8059,2204,5855
800,5729,598,5131
801,9675,2736,6939
802,4780,723,4057
803,8361,785,7576
804,7052,807,6245
805,8709,2017,6692
806,6474,1387,5087
807,7852,796,7056
808,9050,1022,8028
809,8228,1147,7081
810,22386,3339,19047
811,4207,327,3880
812,3224,409,2815
813,23836,4829,19007
814,8823,3179,5644
815,13057,1559,11498
816,11744,4606,7138
817,9682,3222,6460
818,8878,2414,6464
819,6777,2568,4209
820,10340,3589,6751
821,3305,359,2946
822,8018,1501,6517
823,5506,497,5009
825,9546,4052,5494
826,10633,3587,7046
827,7672,1100,6572
828,3961,281,3680
830,12196,4403,7793
831,2031,307,1724
832,6369,2138,4231
833,6670,2327,4343
834,8327,1932,6395
835,7397,2666,4731
836,8867,2251,6616
837,16979,3489,13490
838,10909,3741,7168
839,66612,30447,36165
840,8397,691,7706
841,10890,4265,6625
842,6479,1372,5107
843,4639,913,3726
844,11310,1491,9819
845,6520,999,5521
846,7599,2900,4699
847,4206,966,3240
848,11363,3239,8124
849,5489,1525,3964
850,4746,1023,3723
851,9025,3303,5722
852,8348,4232,4116
853,5310,332,4978
854,9730,3795,5935
855,18925,3198,15727
856,26918,4351,22567
857,20438,4064,16374
858,18059,2710,15349
859,10710,1481,9229
860,13069,3099,9970
861,17169,2627,14542
862,51510,10906,40604
863,25021,5111,19910
864,14729,1756,12973
865,13291,1828,11463
866,21157,4872,16285
867,14650,2672,11978
868,19855,4265,15590
869,26248,4505,21743
870,9908,1923,7985
871,9667,1530,8137
872,20768,5420,15348
873,18891,3473,15418
874,11308,1292,10016
875,5950,999,4951
876,21283,2706,18577
877,9054,1570,7484
878,16428,1494,14934
879,8493,1400,7093
880,13401,1566,11835
881,9125,1104,8021
882,15738,2251,13487
883,6207,920,5287
884,13960,1981,11979
885,82898,19501,63397
886,24713,8238,16475
887,27078,5885,21193
888,7109,1022,6087
889,14549,1405,13144
890,7311,1172,6139
891,7440,1266,6174
892,16138,1619,14519
893,4293,676,3617
894,98899,43693,55206
895,23638,6153,17485
896,7557,2184,5373
897,3348,1220,2128
898,18511,2588,15923
899,8921,1054,7867
900,9409,520,8889
901,12771,1333,11438
903,12624,1263,11361
904,92068,35568,56500
905,8274,602,7672
906,5606,312,5294
907,6369,243,6126
908,37535,7634,29901
909,9848,752,9096
910,28108,1413,26695
911,8692,297,8395
912,3681,108,3573
913,12334,469,11865
914,7154,453,6701
915,6328,859,5469
916,15149,314,14835
917,5384,78,5306
918,8115,480,7635
919,4661,528,4133
920,12685,1038,11647
921,15539,1034,14505
922,1807,96,1711
923,4986,276,4710
924,32496,6745,25751
925,4792,509,4283
926,27815,2716,25099
927,13887,774,13113
928,40575,5125,35450
929,8317,950,7367
930,13332,670,12662
931,7643,303,7340
932,5233,33,5200
933,19151,2725,16426
934,25819,7551,18268
935,9392,1243,8149
936,15988,3597,12391
937,17219,4327,12892
938,32255,8120,24135
939,14054,2161,11893
940,27198,3008,24190
941,9397,1721,7676
942,15071,2156,12915
943,5873,1080,4793
944,22884,3251,19633
945,25128,1906,23222
946,19641,2057,17584
947,10184,1660,8524
948,8204,750,7454
949,15133,2331,12802
950,35447,11321,24126
951,20998,2718,18280
952,13136,1872,11264
953,8995,1020,7975
954,12010,1424,10586
955,11006,1256,9750
956,20602,2390,18212
957,9797,1618,8179
958,12689,2173,10516
959,18158,1149,17009
960,20863,2464,18399
978,12944,3420,9524
979,7895,1613,6282
980,14438,2152,12286
981,9985,2770,7215
982,16602,4088,12514
983,3824,148,3676
984,4644,233,4411
985,13268,3866,9402
986,11084,1824,9260
987,34844,12860,21984
988,62299,21972,40327
989,4181,1255,2926
990,15566,3305,12261
991,9793,1735,8058
992,9238,1942,7296
993,26282,6475,19807
994,13044,3109,9935
995,13228,2733,10495
996,27478,6605,20873
997,4447,1061,3386
998,3323,633,2690
999,270047,120512,149535
1000,21465,3413,18052
1001,19640,4722,14918
1002,54686,13032,41654
1003,7800,1291,6509
1004,15075,2792,12283
1005,21710,5223,16487
1006,5416,1437,3979
1007,9094,2048,7046
1008,10496,1990,8506
1009,5574,959,4615
1010,8281,2056,6225
1011,12725,1796,10929
1012,12974,2681,10293
1013,14434,3695,10739
1014,8841,1939,6902
1015,20777,7584,13193
1016,10817,2316,8501
1017,4007,990,3017
1018,25573,6325,19248
1019,10513,2248,8265
1020,13492,2932,10560
1021,3671,1194,2477
1022,14405,3901,10504
1023,5383,1884,3499
1024,12283,5136,7147
1025,4837,1038,3799
1026,9486,1845,7641
1027,4706,1575,3131
1028,4579,984,3595
1029,5558,1924,3634
1030,9563,2787,6776
1031,258007,114079,143928
1032,77016,17425,59591
1033,31465,9083,22382
1034,77552,13537,64015
1035,37756,2981,34775
1036,10297,1539,8758
1037,41463,5282,36181
1038,29676,6142,23534
1039,41579,5606,35973
1040,46854,10371,36483
1041,42428,10481,31947
1042,25553,3438,22115
1043,25131,5101,20030
1044,25002,3705,21297
1045,77834,14486,63348
1046,32448,10910,21538
1047,30267,3932,26335
1048,28040,5485,22555
1049,17804,2253,15551
1050,31479,4932,26547
1051,23612,5472,18140
1052,15416,4575,10841
1053,70146,12350,57796
1054,8884,416,8468
1055,61773,10065,51708
1056,12866,3739,9127
1057,62401,17269,45132
1058,30508,5401,25107
1059,45512,15088,30424
1060,20721,2470,18251
1061,19070,4806,14264
1062,46193,14162,32031
1063,10721,2490,8231
1064,21140,1914,19226
1065,13146,2905,10241
1066,36831,6362,30469
1067,10773,986,9787
1068,50500,6353,44147
1069,18106,1496,16610
1070,24727,3573,21154
1071,11556,2230,9326
1072,62510,28170,34340
1073,43686,4201,39485
1074,14319,1503,12816
1075,19339,1718,17621
1076,33773,2665,31108
1077,20450,2529,17921
1078,16713,1746,14967
1079,8717,1546,7171
1080,32073,3654,28419
1081,33620,3964,29656
1082,21637,6567,15070
1083,39378,9359,30019
1084,15971,1392,14579
1085,13314,3089,10225
1086,17082,1318,15764
1087,12924,2596,10328
1088,22603,2874,19729
1089,13327,1511,11816
1090,9930,1842,8088
1091,17142,2387,14755
1092,17816,2182,15634
1093,24348,2708,21640
1094,34063,8918,25145
1095,56196,18943,37253
1096,20819,4066,16753
1097,42253,10474,31779
1098,19761,2563,17198
1099,33300,6080,27220
1100,31806,5617,26189
1101,57340,14332,43008
1102,27443,5742,21701
1103,35713,4258,31455
1104,21245,3311,17934
1105,21621,3967,17654
1106,10443,2926,7517
1107,4275,580,3695
1108,8373,1579,6794
1109,5229,1043,4186
1110,34165,9682,24483
1111,12523,1656,10867
1112,10587,1487,9100
1113,27344,4574,22770
1114,5501,825,4676
1115,14102,1065,13037
1116,12259,1908,10351
1117,5757,393,5364
1118,5346,555,4791
1119,13440,1724,11716
1120,14286,1830,12456
1121,11882,1260,10622
1122,4114,854,3260
1123,4128,1105,3023
1124,11507,2064,9443
1125,6904,1251,5653
1126,9461,1226,8235
1127,3090,453,2637
1128,5914,362,5552
1129,5976,1066,4910
1130,27784,5971,21813
1131,28255,5687,22568
1132,129128,47593,81535
1133,34465,8025,26440
1134,17152,2462,14690
1135,29389,5450,23939
1136,15744,2970,12774
1137,51415,13094,38321
1138,16189,3820,12369
1139,20172,5314,14858
1140,50021,9479,40542
1141,32916,6866,26050
1142,15001,2770,12231
1143,12203,2583,9620
1144,17546,3837,13709
1145,19630,3910,15720
1146,38050,9744,28306
1147,6624,1754,4870
1148,16190,3938,12252
1149,13445,2678,10767
1150,13974,3925,10049
1151,18178,3535,14643
1152,25279,5827,19452
1153,36193,7119,29074
1154,24021,7469,16552
1155,61357,16555,44802
1156,29255,7633,21622
1157,29062,7450,21612
1158,26025,5993,20032
1159,56091,13614,42477
1160,10785,1784,9001
1161,21397,5358,16039
1162,2494,420,2074
1163,4020,279,3741
1164,17483,4617,12866
1165,16898,5475,11423
1166,23948,8014,15934
1167,28609,12059,16550
1168,7784,1358,6426
1169,12733,3409,9324
1170,9066,2257,6809
1171,14350,2082,12268
1172,10174,1397,8777
1173,8603,1129,7474
1174,7027,1316,5711
1175,30477,11271,19206
1176,8821,2541,6280
1177,11523,1703,9820
1178,12070,1782,10288
1179,5164,1247,3917
1180,13428,3676,9752
1181,14679,2199,12480
1182,16051,4806,11245
1183,6013,770,5243
1184,15284,2108,13176
1185,30979,4678,26301
1186,59811,15818,43993
1187,13914,1890,12024
1188,16006,2870,13136
1189,18021,2770,15251
1190,28400,4514,23886
1191,13341,1203,12138
1192,57410,18254,39156
1193,19779,3488,16291
1194,18528,2471,16057
1196,42460,6450,36010
1197,38024,8802,29222
1198,16701,2202,14499
1199,11846,2813,9033
1200,20708,4835,15873
1201,7144,1185,5959
1202,19224,3365,15859
1203,22208,4554,17654
1204,13003,2860,10143
1205,5433,799,4634
1206,5683,853,4830
1207,12219,738,11481
1208,21641,2226,19415
1209,25090,4756,20334
1210,7654,841,6813
1211,3123,371,2752
1212,16122,2041,14081
1213,8127,1209,6918
1214,10207,3477,6730
1215,8306,1038,7268
1216,13204,1604,11600
1217,4545,388,4157
1218,6057,1627,4430
1219,30035,6778,23257
1220,88305,32324,55981
1221,21019,2550,18469
1222,16462,1270,15192
1223,24854,4472,20382
1224,10926,1414,9512
1225,13841,1728,12113
1226,26242,2896,23346
1227,158235,51853,106382
1228,43657,10692,32965
1229,56680,13178,43502
1230,9767,3747,6020
1231,47447,9550,37897
1232,49094,15073,34021
1233,58225,20206,38019
1234,72244,19569,52675
1235,99118,29829,69289
1236,35794,9125,26669
1237,44581,10981,33600
1238,26328,5188,21140
1239,61254,16433,44821
1240,20023,4805,15218
1241,46047,11254,34793
1242,131744,49608,82136
1243,23465,4993,18472
1244,23107,6007,17100
1245,23067,6663,16404
1246,19671,6775,12896
1247,19357,6337,13020
1248,13648,3342,10306
1249,13407,2489,10918
1250,17279,4106,13173
1251,38785,11044,27741
1252,20024,5574,14450
1253,16612,3439,13173
1254,29034,8722,20312
1255,13786,3240,10546
1256,23463,5587,17876
1257,13909,3504,10405
1258,14804,4079,10725
1259,50472,12435,38037
1260,28540,9114,19426
1261,40732,14502,26230
1262,31180,5508,25672
1263,30094,7710,22384
1264,9962,2279,7683
1265,43030,14733,28297
1266,73007,29972,43035
1267,11784,2267,9517
1268,10969,2270,8699
1269,10344,3179,7165
1270,15208,3914,11294
1271,48147,19490,28657
1272,11169,2335,8834
1273,60639,14899,45740
1274,29078,8887,20191
1275,43860,14260,29600
1276,32552,7632,24920
1277,16621,5433,11188
1278,10792,2945,7847
1279,32981,10194,22787
1280,29835,8385,21450
1281,82316,21927,60389
1282,35895,9194,26701
1283,18260,5234,13026
1284,23562,5657,17905
1285,17545,4712,12833
1286,15764,3945,11819
1287,34989,10508,24481
1288,15544,4344,11200
1289,7450,2072,5378
1290,23239,6646,16593
1291,13903,2865,11038
1292,20123,6582,13541
1293,32747,6373,26374
1294,19454,3945,15509
1295,63332,21738,41594
1296,31935,10094,21841
1297,5632,969,4663
1298,7898,1664,6234
1299,32247,7716,24531
1300,11373,776,10597
1301,9355,856,8499
1302,34592,5027,29565
1303,51234,10524,40710
1304,30465,3992,26473
1305,13253,3280,9973
1306,10898,1174,9724
1307,11632,1350,10282
1308,19580,2204,17376
1309,33543,7281,26262
1311,27587,7331,20256
1312,2754,285,2469
1313,42351,7755,34596
1314,22163,9031,13132
1315,109501,37426,72075
1316,12246,1438,10808
1317,26405,4536,21869
1318,23872,2933,20939
1319,10338,1260,9078
1320,28904,7201,21703
1321,5635,651,4984
1322,5023,232,4791
1323,5384,762,4622
1324,11176,1643,9533
1325,5327,1264,4063
1326,12390,1860,10530
1327,7269,1112,6157
1328,16077,3020,13057
1329,7396,2150,5246
1330,13380,714,12666
1331,14101,2461,11640
1332,23371,1409,21962
1333,19609,1295,18314
1334,60436,10572,49864
1335,22847,2585,20262
1336,39422,10325,29097
1337,42123,8902,33221
1338,12165,1984,10181
1339,12046,2414,9632
1340,14556,3950,10606
1341,21940,4761,17179
1342,18268,4157,14111
1343,8955,833,8122
1344,7055,1638,5417
1345,44450,18544,25906
1346,263656,88199,175457
1347,13706,4415,9291
1348,108945,32812,76133
1349,142591,62191,80400
1350,22449,6672,15777
1351,13218,2570,10648
1352,25230,10575,14655
1353,25319,7421,17898
1354,65659,20167,45492
1355,79141,32003,47138
1356,42525,13142,29383
1357,117035,38559,78476
1358,17406,5887,11519
1359,7060,1506,5554
1360,3915,950,2965
1361,9336,1455,7881
1362,4544,844,3700
1363,2594,643,1951
1364,5596,860,4736
1365,2992,541,2451
1366,10227,1867,8360
1367,5629,827,4802
1368,21236,6478,14758
1369,17975,3603,14372
1370,11232,2012,9220
1371,7133,1810,5323
1372,10181,1826,8355
1373,4105,781,3324
1374,7144,1355,5789
1375,3760,679,3081
1376,5884,780,5104
1377,21749,3262,18487
1378,75528,14237,61291
1379,9742,1477,8265
1380,43721,13486,30235
1381,16375,1170,15205
1382,14455,1791,12664
1383,6036,1097,4939
1384,7810,1037,6773
1385,6070,734,5336
1386,2499,137,2362
1387,6283,614,5669
1388,3574,453,3121
1389,13786,2251,11535
1390,6303,798,5505
1391,6467,981,5486
1392,3176,135,3041
1393,3212,415,2797
1394,11101,1750,9351
1395,14185,1115,13070
1396,6418,779,5639
1397,4366,492,3874
1398,3030,319,2711
1399,9827,909,8918
1400,11250,1645,9605
1401,7415,728,6687
1402,31624,3555,28069
1403,43654,4595,39059
1404,23474,3403,20071
1405,20287,1595,18692
1406,19603,3116,16487
1407,26318,1905,24413
1408,47148,3959,43189
1409,3168,999,2169
1410,7432,3117,4315
1411,9938,1901,8037
1412,6895,1523,5372
1413,6490,1186,5304
1414,12083,3541,8542
1415,9902,1533,8369
1416,42027,8692,33335
1417,10035,1815,8220
1418,13918,1938,11980
1419,22524,2524,20000
1420,19346,2562,16784
1421,27742,5910,21832
1422,22862,4563,18299
1423,12320,1731,10589
1424,15425,2162,13263
1425,15611,1911,13700
1426,28718,3313,25405
1427,9274,1247,8027
1428,7359,1499,5860
1429,70660,20850,49810
1430,37697,8688,29009
1431,206658,67341,139317
1432,76006,27070,48936
1433,27504,2299,25205
1434,22177,5702,16475
1435,62404,17988,44416
1436,20275,5673,14602
1437,35902,8552,27350
1438,30162,1855,28307
1439,17480,3038,14442
1440,18009,3899,14110
1441,28074,5335,22739
1442,3852,891,2961
1443,14360,2501,11859
1444,13079,2634,10445
1445,6196,1316,4880
1446,6836,1272,5564
1447,10142,1717,8425
1448,2871,496,2375
1449,40441,10993,29448
1450,11758,2655,9103
1451,10992,2460,8532
1452,4544,1233,3311
1453,4833,843,3990
1454,11858,1918,9940
1455,6702,1325,5377
1456,7322,1811,5511
1457,4823,820,4003
1458,5799,1013,4786
1459,19460,4363,15097
1460,8300,1646,6654
1461,27992,3457,24535
1463,10844,1135,9709
1464,24830,5374,19456
1465,39152,11238,27914
1466,23650,3130,20520
1467,27653,4751,22902
1468,35775,5098,30677
1469,20106,1995,18111
1470,21811,1586,20225
1471,18329,3783,14546
1472,15817,1655,14162
1473,42738,16232,26506
1474,2462,41,2421
1475,30224,5232,24992
1476,44874,17561,27313
1477,14641,441,14200
1478,10370,1628,8742
1479,24988,807,24181
1480,14469,1109,13360
1481,22092,867,21225
1482,10313,755,9558
1483,12949,1154,11795
1484,11996,804,11192
1485,31302,4553,26749
1486,6263,119,6144
1487,17347,3804,13543
1488,29028,3482,25546
1489,35950,2279,33671
1490,9579,921,8658
1491,9231,179,9052
1492,6454,1247,5207
1493,6425,1516,4909
1494,1566,267,1299
1495,8767,1704,7063
1496,10119,2311,7808
1497,6598,1195,5403
1498,6153,883,5270
1499,8227,1265,6962
1501,12002,2513,9489
1502,7823,1323,6500
1503,4253,649,3604
1504,11553,3263,8290
1505,2344,374,1970
1506,6117,1299,4818
1507,3151,499,2652
1508,4194,858,3336
1509,5275,963,4312
1510,9125,1255,7870
1511,64013,23376,40637
1512,6785,1238,5547
1513,5900,1659,4241
1514,17280,2384,14896
1515,4119,799,3320
1516,52327,16031,36296
1517,9801,2172,7629
1518,14452,4378,10074
1519,5076,1009,4067
1520,6921,1500,5421
1521,8155,1654,6501
1522,18694,2819,15875
1523,5065,876,4189
1524,12893,2850,10043
1525,13055,1400,11655
1526,7333,1832,5501
1527,7949,1127,6822
1528,7355,1233,6122
1529,13797,1794,12003
1530,16871,1834,15037
1531,14795,2633,12162
1532,24292,8878,15414
1533,6012,2037,3975
1534,25502,5619,19883
1535,40975,12482,28493
1536,52539,10527,42012
1537,64685,12961,51724
1538,42369,10966,31403
1539,29743,6402,23341
1540,14462,3518,10944
1541,28261,7433,20828
1542,46485,13890,32595
1543,12168,3927,8241
1544,9668,2348,7320
1545,6707,1993,4714
1546,15295,1974,13321
1547,11766,2750,9016
1548,21632,5836,15796
1549,148071,45960,102111
1550,28758,6811,21947
1551,28488,9831,18657
1552,23848,3144,20704
1553,11398,1452,9946
1554,17216,1642,15574
1555,14094,2065,12029
1556,12492,2832,9660
1557,16632,6441,10191
1558,15499,1936,13563
1559,15219,1619,13600
1560,13476,1765,11711
1561,1751,94,1657
1562,25291,6197,19094
1563,10752,2766,7986
1564,13001,3738,9263
1565,19253,5720,13533
1566,19561,6267,13294
1567,21995,5553,16442
1568,115159,42092,73067
1569,16710,4086,12624
1570,17100,5005,12095
1571,10293,3314,6979
1572,15115,4390,10725
1573,14133,4975,9158
1574,27261,5749,21512
1575,36420,8729,27691
1576,10168,871,9297
1577,7748,622,7126
1578,37889,9807,28082
1579,56827,22017,34810
1580,7195,431,6764
1581,13802,866,12936
1582,12112,1092,11020
1583,11050,941,10109
1584,19893,3008,16885
1585,4275,739,3536
1586,17288,3266,14022
1587,18821,3463,15358
1588,17235,2481,14754
1589,5398,889,4509
1590,10130,1812,8318
1591,19296,4091,15205
1592,18144,2294,15850
1593,7672,1673,5999
1594,15492,2020,13472
1595,13913,977,12936
1596,16280,579,15701
1597,12305,1144,11161
1598,8679,1368,7311
1599,42551,6246,36305
1600,16811,3117,13694
1601,8606,1117,7489
1602,10045,1475,8570
1603,22777,4507,18270
1604,13523,1866,11657
1605,12819,1559,11260
1606,16265,2118,14147
1607,13836,2430,11406
1608,21278,3173,18105
1609,9424,1288,8136
1610,4727,813,3914
1611,12398,1311,11087
1612,17952,3735,14217
1614,8172,972,7200
1615,12480,1411,11069
1616,21835,3500,18335
1617,19222,3378,15844
1618,14327,1149,13178
1619,24470,6235,18235
1620,78755,27570,51185
1621,11178,1035,10143
1622,12345,1824,10521
1623,7865,1231,6634
1624,12007,1127,10880
1625,7881,722,7159
1626,11223,1314,9909
1627,15246,2511,12735
1628,8505,922,7583
1629,17703,2806,14897
1630,10368,1326,9042
1631,332831,110854,221977
1632,15026,1998,13028
1633,17776,3770,14006
1634,12245,2065,10180
1635,11654,2072,9582
1636,27850,7389,20461
1637,19469,3676,15793
1638,11584,1123,10461
1639,14521,2480,12041
1640,17369,2678,14691
1641,11455,1709,9746
1642,13828,1090,12738
1643,17414,1767,15647
1644,16896,2483,14413
1645,9145,995,8150
1646,19837,2762,17075
1647,16293,1147,15146
8887,830009,449171,380838
9991,5892069,2459262,3432807
9992,968419,336841,631578
9993,926571,315339,611232
