id_2,Lo,Lo_skilled,Lo_unskilled
1,23060,10023,13037
2,1986,380,1606
3,8644,2089,6555
4,1127,335,792
5,1132,351,781
6,2429,758,1671
7,5647,1998,3649
8,7587,1996,5591
9,1604,474,1130
10,6877,2390,4487
11,2099,483,1616
12,1605,438,1167
13,2332,688,1644
14,3494,850,2644
15,2312,699,1613
16,5777,1546,4231
17,2952,900,2052
18,6123,2179,3944
19,5465,1408,4057
20,3108,924,2184
21,2313,482,1831
22,4993,1234,3759
23,2846,843,2003
24,7011,2055,4956
25,2845,480,2365
26,3020,713,2307
27,2827,719,2108
28,26643,5963,20680
29,147988,49440,98548
30,29977,8949,21028
31,8989,1468,7521
32,10543,1423,9120
33,8203,1674,6529
34,10356,1034,9322
35,10848,3200,7648
37,21137,7690,13447
38,6185,1171,5014
39,9762,1477,8285
40,8907,1238,7669
41,50025,9343,40682
42,13709,2128,11581
43,22689,2110,20579
44,10976,1252,9724
45,14135,1406,12729
46,36188,5548,30640
47,15361,1970,13391
48,30460,7623,22837
49,12851,1006,11845
50,11400,1750,9650
51,14180,1373,12807
52,15821,2330,13491
53,21838,3782,18056
54,17862,1716,16146
55,13006,3096,9910
56,12946,2618,10328
57,18125,6326,11799
58,14859,3383,11476
59,8712,2366,6346
60,21021,5333,15688
61,39250,19232,20018
62,7555,2658,4897
63,13474,2423,11051
64,9675,1450,8225
65,12501,3960,8541
66,11501,2865,8636
67,13465,3929,9536
68,12917,2889,10028
69,18553,6048,12505
70,13895,6218,7677
71,9620,2288,7332
72,30542,5848,24694
74,32407,6575,25832
75,58739,19174,39565
76,39209,9809,29400
77,9115,893,8222
78,89332,31975,57357
79,34625,4635,29990
80,47918,8664,39254
81,15916,3371,12545
82,17940,2891,15049
83,10403,1020,9383
84,31776,6420,25356
85,23441,2951,20490
86,37083,8291,28792
87,14577,1107,13470
88,15023,3714,11309
89,57710,14710,43000
90,22710,4833,17877
91,11569,3235,8334
92,9905,2111,7794
93,6770,2402,4368
94,15255,3665,11590
95,9681,1588,8093
96,18084,4001,14083
97,20783,5810,14973
98,12580,2099,10481
99,6976,1622,5354
100,14302,3381,10921
101,16328,3319,13009
102,28190,12110,16080
103,13902,2219,11683
104,8034,1709,6325
105,26395,7339,19056
106,11560,2458,9102
107,15475,4227,11248
108,9692,1601,8091
109,7233,941,6292
110,10870,2030,8840
111,7993,1550,6443
112,7864,1265,6599
113,7148,2018,5130
114,6016,1292,4724
115,5540,1345,4195
116,16425,5604,10821
117,10191,1573,8618
118,7064,953,6111
119,4658,683,3975
120,10396,1401,8995
121,12093,1960,10133
122,18808,4093,14715
123,10753,2354,8399
124,125,11,114
125,258,17,241
126,123,12,111
127,41349,14715,26634
128,32445,7051,25394
129,14113,1085,13028
130,16088,2263,13825
131,25086,2019,23067
132,24612,1528,23084
133,20096,1105,18991
134,299,14,285
135,20322,7849,12473
136,13943,3733,10210
137,43255,17064,26191
138,43699,11470,32229
139,26830,7046,19784
140,27900,8790,19110
141,49673,14528,35145
142,12356,3056,9300
143,32244,10104,22140
144,26701,8611,18090
145,19001,6063,12938
146,16090,6046,10044
147,3651,2346,1305
148,1842,633,1209
149,608,326,282
150,907,449,458
151,933,400,533
152,653,338,315
153,15466,4756,10710
154,11565,4291,7274
155,40714,10638,30076
156,9159,1643,7516
157,147003,56248,90755
158,45473,17225,28248
159,34174,7681,26493
160,25459,4184,21275
161,14677,4545,10132
162,23766,7334,16432
163,15588,2638,12950
164,39785,11401,28384
165,22671,4602,18069
166,122624,41418,81206
167,19840,4160,15680
168,23584,8141,15443
169,18748,5901,12847
170,12138,4250,7888
171,55824,13090,42734
172,18853,4672,14181
173,47927,10458,37469
174,29050,9546,19504
175,42879,7459,35420
176,15312,4675,10637
177,9498,3284,6214
178,29586,11881,17705
179,8314,2747,5567
180,44440,12827,31613
182,25548,9485,16063
183,19149,5092,14057
184,69111,22789,46322
185,16899,4223,12676
186,10535,2119,8416
187,21429,4677,16752
188,9386,2115,7271
189,148965,86991,61974
190,6709,1153,5556
191,6576,2088,4488
192,18076,4507,13569
193,26521,8810,17711
194,6640,1530,5110
195,10698,2506,8192
196,8175,1340,6835
197,39221,19092,20129
198,18713,5529,13184
199,5624,1428,4196
200,21231,6527,14704
201,7730,1884,5846
202,7308,1829,5479
203,7463,1903,5560
204,8959,1642,7317
205,9360,1630,7730
206,5919,877,5042
207,8634,1321,7313
208,4542,1126,3416
209,19212,4862,14350
210,5115,1750,3365
211,11980,1899,10081
212,10176,1895,8281
213,8537,2176,6361
214,8435,3218,5217
215,9690,1968,7722
216,6411,1038,5373
217,11579,1679,9900
218,8988,2013,6975
219,14257,1699,12558
220,16145,3909,12236
221,17573,4006,13567
222,21880,3199,18681
223,12113,2030,10083
224,9832,2364,7468
225,3324,1176,2148
226,7153,2196,4957
227,9304,1430,7874
228,9242,1127,8115
229,14299,3732,10567
230,7839,1751,6088
231,9132,2215,6917
232,12537,3151,9386
233,18014,3590,14424
234,21994,3569,18425
235,17771,5087,12684
236,14032,1389,12643
237,6012,1747,4265
238,8238,2983,5255
239,9393,3188,6205
240,26432,6860,19572
241,14178,2285,11893
242,9533,3205,6328
243,11537,2850,8687
244,13709,1757,11952
245,10552,873,9679
246,9755,1444,8311
247,5008,686,4322
248,11265,1780,9485
249,5554,1136,4418
250,14073,2335,11738
251,4136,1134,3002
252,44257,23679,20578
253,28413,5114,23299
254,13282,2138,11144
255,23422,5679,17743
256,30523,4356,26167
257,13522,3296,10226
258,13449,1218,12231
259,16618,1776,14842
260,11552,1284,10268
261,10497,1506,8991
262,28912,5275,23637
263,15647,1403,14244
264,13519,1344,12175
265,15773,2748,13025
266,17841,2309,15532
267,19875,1629,18246
268,21368,2308,19060
269,18099,2877,15222
270,65572,17564,48008
271,10155,905,9250
272,39984,10201,29783
273,39130,8325,30805
274,22141,2716,19425
275,43453,6444,37009
276,20414,1392,19022
277,9032,1123,7909
278,23425,2400,21025
279,78867,16364,62503
280,27204,7882,19322
281,34331,9986,24345
282,71984,22943,49041
283,51491,14646,36845
284,39395,10910,28485
285,27414,8234,19180
286,47088,14441,32647
287,6856,586,6270
288,37942,11746,26196
289,66726,17625,49101
290,105748,40359,65389
291,54097,18395,35702
292,101185,35373,65812
293,32530,9295,23235
294,32572,10741,21831
295,26487,6254,20233
296,24405,6815,17590
297,45511,14004,31507
298,39481,10934,28547
299,45065,11026,34039
300,141002,45007,95995
301,71181,15724,55457
302,39909,11338,28571
303,80775,23974,56801
304,15825,3733,12092
305,19404,3844,15560
306,15481,3155,12326
307,22260,3428,18832
308,33329,9131,24198
309,35728,5998,29730
310,15557,3639,11918
311,14999,3710,11289
312,7302,986,6316
313,11801,3368,8433
314,16839,5106,11733
315,15485,4545,10940
316,26818,5641,21177
317,17460,4397,13063
318,12084,2621,9463
319,20142,4794,15348
320,18922,4462,14460
321,10591,2378,8213
322,20272,4634,15638
323,11628,3035,8593
324,8601,1982,6619
325,12023,3836,8187
326,11602,2546,9056
327,1666,439,1227
328,7594,1662,5932
329,11984,1809,10175
330,36049,6510,29539
331,29531,5527,24004
332,71490,34956,36534
333,17655,3047,14608
334,13407,1630,11777
335,49049,18447,30602
336,23887,4100,19787
337,43686,6989,36697
338,21958,3040,18918
339,21365,3146,18219
340,6182,909,5273
341,4763,1069,3694
342,19645,2079,17566
343,11811,3129,8682
344,19780,3799,15981
345,25203,6397,18806
346,11291,1402,9889
348,22501,5000,17501
349,7065,1787,5278
351,35685,6445,29240
352,29095,5011,24084
353,8340,1357,6983
354,35768,7436,28332
355,10915,3480,7435
356,14488,4633,9855
357,19937,2522,17415
358,10152,1472,8680
359,4424,945,3479
360,11311,1066,10245
361,24497,5597,18900
362,50117,17748,32369
363,21342,3232,18110
364,44565,6254,38311
365,13642,1754,11888
366,11257,3087,8170
367,12083,2786,9297
368,20596,2715,17881
369,37782,12959,24823
370,82277,36363,45914
371,19314,2954,16360
372,14772,2148,12624
373,19630,2884,16746
374,36217,10785,25432
375,7800,889,6911
376,24917,3465,21452
377,13572,1572,12000
378,13951,2523,11428
379,17290,3943,13347
380,29338,5044,24294
381,8121,702,7419
382,19880,3500,16380
383,28124,3199,24925
384,8243,2051,6192
385,2755,642,2113
386,6837,2043,4794
387,16895,6121,10774
388,5410,1208,4202
389,14034,3328,10706
390,17555,4274,13281
391,14686,3751,10935
392,22300,4757,17543
393,12564,2940,9624
394,18033,3339,14694
395,17895,3205,14690
396,20870,5840,15030
397,23437,5172,18265
398,20861,5019,15842
399,20270,3942,16328
400,22404,5513,16891
401,15267,3919,11348
402,74840,29380,45460
403,12196,2561,9635
404,15278,3119,12159
405,25049,4982,20067
406,4856,1183,3673
407,6283,1270,5013
408,9146,2798,6348
409,11450,2137,9313
410,3637,928,2709
411,8575,1935,6640
412,4726,1614,3112
413,16031,3620,12411
414,6458,1232,5226
415,9015,1995,7020
416,31289,13845,17444
417,23528,7901,15627
418,15525,6622,8903
419,170137,74945,95192
420,23084,5983,17101
421,65553,22877,42676
422,177008,52567,124441
423,8247,2640,5607
424,62153,16720,45433
425,47886,11162,36724
426,100227,44870,55357
427,29954,13019,16935
428,37665,11647,26018
429,9934,2384,7550
430,17711,4999,12712
431,13583,6098,7485
432,40625,11235,29390
433,19563,7270,12293
434,43263,10571,32692
435,84060,24899,59161
436,22646,7173,15473
437,53505,13870,39635
438,10084,2827,7257
439,15940,4797,11143
440,6386,1246,5140
441,7138,1142,5996
442,11443,1682,9761
443,12737,1395,11342
444,34561,8009,26552
445,20188,2377,17811
446,16099,2388,13711
447,31669,4715,26954
448,36626,5629,30997
449,30506,4238,26268
450,37454,7690,29764
451,6855,1095,5760
452,15442,1874,13568
454,20779,4030,16749
455,14426,2896,11530
457,16911,3914,12997
458,32595,8969,23626
459,17995,3876,14119
460,38421,6504,31917
461,30037,4682,25355
462,55653,11451,44202
464,21189,2988,18201
465,8016,1871,6145
468,14766,2309,12457
469,9500,1709,7791
471,23676,3909,19767
473,12679,2596,10083
475,11698,2121,9577
476,6018,914,5104
477,27404,3416,23988
478,11620,1824,9796
479,8963,1398,7565
480,9380,1983,7397
481,25847,5199,20648
482,20463,2017,18446
483,24059,3387,20672
484,11231,1362,9869
485,7457,1434,6023
486,21313,4139,17174
487,14332,1970,12362
488,14621,1912,12709
489,9922,1149,8773
491,80266,18883,61383
492,28598,3526,25072
493,5741,995,4746
494,33316,6038,27278
495,29971,1775,28196
496,17374,2725,14649
497,37981,6705,31276
498,24311,2970,21341
499,17993,3325,14668
500,44372,6084,38288
501,17889,2520,15369
502,33761,7315,26446
503,23342,3137,20205
504,34320,3865,30455
505,33408,4432,28976
506,10477,1950,8527
508,36929,5793,31136
509,24980,2897,22083
512,68,29,39
513,46249,9942,36307
515,8938,528,8410
516,30889,6944,23945
518,71970,22810,49160
519,16937,748,16189
520,24605,4641,19964
521,29165,1513,27652
522,23065,2222,20843
523,23301,3187,20114
524,18364,2734,15630
525,53089,4394,48695
526,25165,3657,21508
527,14231,3793,10438
528,38175,5522,32653
529,24494,2453,22041
530,9506,600,8906
531,15137,2327,12810
532,23777,3221,20556
533,18719,2741,15978
534,5620,695,4925
535,18761,1706,17055
536,15519,2061,13458
537,21983,2047,19936
538,31982,5270,26712
539,20607,2163,18444
540,59729,13278,46451
541,17116,2256,14860
542,12115,864,11251
543,14728,1297,13431
544,6400,736,5664
545,5441,973,4468
546,8915,1042,7873
547,5057,1115,3942
548,14328,2422,11906
549,3664,578,3086
550,6539,945,5594
551,5013,1172,3841
552,3845,695,3150
553,29146,10522,18624
554,8543,1717,6826
555,16433,2875,13558
556,4983,906,4077
557,5343,1224,4119
558,19918,5321,14597
559,4063,756,3307
560,3059,347,2712
561,4249,1027,3222
562,10346,2226,8120
563,1914,141,1773
564,5576,1381,4195
565,2557,726,1831
566,15787,2706,13081
567,5804,1082,4722
568,8417,1926,6491
569,6612,1533,5079
570,6409,1146,5263
571,7698,1866,5832
572,8476,1996,6480
573,24019,7624,16395
574,16212,4475,11737
575,17102,4173,12929
576,11047,1853,9194
577,10974,2015,8959
578,8315,1089,7226
579,11432,2738,8694
580,6072,912,5160
581,11483,3176,8307
582,5172,1472,3700
583,4888,1099,3789
584,7513,2581,4932
585,8479,3591,4888
586,10028,3714,6314
587,7860,1478,6382
588,4741,733,4008
589,833,98,735
590,17597,5879,11718
591,16019,4277,11742
592,8416,2509,5907
593,9640,2241,7399
594,29363,10884,18479
595,4919,1221,3698
596,631,163,468
597,6393,2011,4382
598,19261,4803,14458
599,766,103,663
600,58181,26659,31522
601,8682,1786,6896
602,3258,648,2610
603,11051,2673,8378
605,12644,4364,8280
606,14358,4449,9909
607,10597,2878,7719
608,9504,2750,6754
609,18681,6698,11983
610,13571,4085,9486
611,12196,3520,8676
612,17324,4628,12696
613,3733,756,2977
614,3989,1220,2769
615,18425,5912,12513
616,6882,2038,4844
617,18529,5160,13369
618,30197,9546,20651
619,10702,4368,6334
620,7454,1404,6050
621,5513,1444,4069
622,2350,538,1812
623,2544,711,1833
624,15047,4102,10945
625,2611,662,1949
626,22277,7458,14819
627,4070,753,3317
628,6127,1427,4700
629,4098,731,3367
630,4143,1473,2670
631,3642,1277,2365
632,13685,4446,9239
633,6488,2682,3806
634,7647,3347,4300
635,19941,5729,14212
636,12974,3641,9333
637,15698,5797,9901
638,8216,2945,5271
639,9788,2835,6953
640,14874,4915,9959
641,1406,280,1126
642,14303,4279,10024
643,1994,361,1633
644,5600,1123,4477
645,20127,6075,14052
646,28732,13422,15310
647,25968,5682,20286
648,18062,5319,12743
649,13083,3062,10021
650,12469,4021,8448
651,13489,3175,10314
652,15826,4190,11636
653,26883,9725,17158
654,20133,5106,15027
655,9720,2054,7666
656,6650,1548,5102
657,27288,10888,16400
658,26703,6973,19730
659,26686,3836,22850
660,17827,3255,14572
661,23108,7530,15578
662,17951,4966,12985
663,33862,10896,22966
664,19523,5038,14485
665,17256,7084,10172
666,15962,3649,12313
667,230727,117970,112757
668,31013,8888,22125
669,35511,10722,24789
670,13325,5311,8014
671,13275,2931,10344
672,25546,6895,18651
673,17600,5479,12121
674,33482,11603,21879
675,10444,3803,6641
676,11186,4952,6234
677,37489,14072,23417
678,40606,11024,29582
679,18443,8424,10019
680,35424,13003,22421
681,15026,2639,12387
682,16237,3893,12344
683,27727,7585,20142
684,12358,4768,7590
685,7339,1752,5587
686,27662,11750,15912
687,23729,5738,17991
688,29714,11197,18517
689,10618,2241,8377
690,10823,4162,6661
691,34188,9028,25160
692,22084,5253,16831
693,17964,4833,13131
694,12656,1807,10849
695,12012,3074,8938
696,22676,5996,16680
697,18895,5071,13824
698,59725,16839,42886
699,19753,4907,14846
700,13621,3013,10608
701,1602,240,1362
702,1766,206,1560
703,35244,9920,25324
704,14208,3894,10314
705,69373,16936,52437
706,23366,5689,17677
707,8664,2387,6277
708,2076,454,1622
709,14842,3267,11575
710,14914,3306,11608
711,7843,977,6866
712,11191,2302,8889
713,12341,2430,9911
714,23926,5888,18038
715,11584,2690,8894
716,28139,7379,20760
717,11972,3303,8669
718,7126,966,6160
719,11012,2867,8145
720,15847,3208,12639
721,22013,3118,18895
722,33407,9763,23644
723,10263,1921,8342
724,10219,1974,8245
725,64113,22276,41837
726,11702,2359,9343
727,26940,5777,21163
728,6942,1903,5039
729,5463,1198,4265
730,5262,1212,4050
731,14096,2928,11168
732,7521,1798,5723
733,41680,14832,26848
734,5441,1882,3559
735,7416,1465,5951
736,29535,10674,18861
737,23230,6482,16748
738,20536,7896,12640
739,6555,1208,5347
740,19341,6229,13112
741,17958,5317,12641
742,35886,13904,21982
743,3748,857,2891
744,11114,3700,7414
745,18811,6004,12807
746,24802,8814,15988
747,7328,2369,4959
748,23953,7163,16790
749,63695,30375,33320
750,8590,1850,6740
751,17678,6078,11600
752,17098,5010,12088
753,6319,1074,5245
754,8807,2408,6399
755,13414,3941,9473
756,21238,6239,14999
757,25525,7080,18445
758,118780,41044,77736
759,56743,17372,39371
760,156343,52586,103757
761,25382,5918,19464
762,11520,3275,8245
763,5848,1505,4343
764,10602,2307,8295
767,16373,5095,11278
768,50375,21292,29083
769,10001,3320,6681
770,15218,5228,9990
771,8179,1635,6544
772,10831,2189,8642
773,12797,3802,8995
774,28732,8668,20064
775,14107,3978,10129
776,19228,6399,12829
777,10174,2685,7489
779,11107,2868,8239
780,21889,6470,15419
781,7836,2698,5138
783,125358,44495,80863
784,136065,61618,74447
785,54262,17913,36349
786,13986,2890,11096
787,102550,34433,68117
788,16043,4553,11490
789,17405,4821,12584
791,10905,2736,8169
792,20758,5216,15542
793,11304,2549,8755
794,166768,66237,100531
795,23499,4433,19066
796,8968,2123,6845
797,13996,3857,10139
798,29827,6093,23734
799,8200,2314,5886
800,5949,649,5300
801,9783,2812,6971
802,4927,764,4163
803,8536,823,7713
804,7111,820,6291
805,8842,2059,6783
806,6515,1405,5110
807,7918,808,7110
808,9495,1085,8410
809,8483,1202,7281
810,22945,3429,19516
811,4221,320,3901
812,3332,428,2904
813,24981,5167,19814
814,9801,3467,6334
815,12895,1584,11311
816,12820,4867,7953
817,10317,3447,6870
818,10529,3056,7473
819,7120,2685,4435
820,10497,3669,6828
821,3326,379,2947
822,8490,1698,6792
823,6533,628,5905
825,8586,3626,4960
826,10872,3722,7150
827,7843,1144,6699
828,3904,284,3620
830,12075,4275,7800
831,8,4,4
832,8809,2642,6167
833,7034,2389,4645
834,8452,1971,6481
835,7588,2752,4836
836,8810,2176,6634
837,18149,3872,14277
838,11394,3951,7443
839,72893,33454,39439
840,8495,731,7764
841,11182,4381,6801
842,6516,1385,5131
843,4694,927,3767
844,11400,1508,9892
845,6517,962,5555
846,7675,2929,4746
847,4241,967,3274
848,12054,3362,8692
849,5218,1364,3854
850,4780,1029,3751
851,9191,3368,5823
852,8202,4141,4061
853,5512,354,5158
854,9791,3789,6002
855,19683,3428,16255
856,27929,4635,23294
857,20948,4235,16713
858,17934,2712,15222
859,10714,1506,9208
860,13434,3233,10201
861,18017,2887,15130
862,52136,11270,40866
863,25582,5293,20289
864,15507,1887,13620
865,13623,1897,11726
866,21486,5037,16449
867,14830,2803,12027
868,20312,4407,15905
869,26835,4724,22111
870,9870,2031,7839
871,10088,1644,8444
872,21328,5685,15643
873,19535,3652,15883
874,11351,1349,10002
875,5873,997,4876
876,21380,2730,18650
877,9546,1693,7853
878,19791,2179,17612
879,8527,1413,7114
880,13449,1604,11845
881,9515,1182,8333
882,16242,2418,13824
883,6195,919,5276
884,14181,2046,12135
885,84964,19921,65043
886,24950,8367,16583
887,28317,6522,21795
888,7216,1064,6152
889,15026,1445,13581
890,7510,1222,6288
891,7294,1250,6044
892,16901,1778,15123
893,4255,682,3573
894,99819,43515,56304
895,23914,6316,17598
896,7615,2234,5381
897,3456,1291,2165
898,19346,2759,16587
899,17591,1753,15838
900,10238,571,9667
901,12913,1360,11553
903,23514,1751,21763
904,96289,37333,58956
905,108,9,99
906,82,4,78
907,83,16,67
908,37869,7677,30192
909,9958,802,9156
910,41498,1909,39589
911,73,4,69
912,60,5,55
913,15332,639,14693
914,260,24,236
915,11143,1437,9706
916,11360,204,11156
917,86,2,84
918,8324,536,7788
919,46,16,30
920,14232,1065,13167
921,13854,1051,12803
922,12,0,12
923,43,5,38
924,33385,6933,26452
925,177,28,149
926,32750,3048,29702
927,14002,767,13235
928,50323,6437,43886
929,493,110,383
930,17485,1198,16287
931,17696,1012,16684
932,8995,177,8818
933,26148,3139,23009
934,26694,7989,18705
935,9670,1311,8359
936,16058,3649,12409
937,17165,4394,12771
938,33593,8752,24841
939,14359,2303,12056
940,28537,3242,25295
941,9757,1790,7967
942,15700,2323,13377
943,6297,1161,5136
944,23406,3349,20057
945,25554,1995,23559
946,20355,2131,18224
947,10421,1683,8738
948,8462,796,7666
949,15462,2422,13040
950,38378,11683,26695
951,21001,2798,18203
952,13418,1915,11503
953,9360,1079,8281
954,13015,1479,11536
955,11165,1339,9826
956,21436,2486,18950
957,10216,1721,8495
958,13046,2249,10797
959,19349,1227,18122
960,21574,2595,18979
978,13502,3702,9800
979,8213,1734,6479
980,14554,2217,12337
981,10166,2866,7300
982,16660,4219,12441
983,3713,147,3566
984,4615,232,4383
985,13420,4051,9369
986,11229,1897,9332
987,35181,13229,21952
988,64543,23267,41276
989,4033,1249,2784
990,16065,3550,12515
991,10162,1831,8331
992,9325,2001,7324
993,26757,6740,20017
994,13194,3204,9990
995,13673,2897,10776
996,28159,6839,21320
997,4645,1111,3534
998,3496,678,2818
999,266484,120129,146355
1000,22082,3593,18489
1001,18892,4468,14424
1002,56181,13507,42674
1003,8154,1353,6801
1004,15415,2923,12492
1005,20703,5165,15538
1006,5452,1473,3979
1007,9395,2154,7241
1008,10368,1996,8372
1009,5662,993,4669
1010,8374,2151,6223
1011,12749,1843,10906
1012,13177,2796,10381
1013,14562,3757,10805
1014,9146,2056,7090
1015,16482,4934,11548
1016,11221,2438,8783
1017,3804,888,2916
1018,24549,6201,18348
1019,10844,2390,8454
1020,13497,2987,10510
1021,3528,1137,2391
1022,14843,4218,10625
1023,5436,1922,3514
1024,12870,5447,7423
1025,5054,1098,3956
1026,9392,1888,7504
1027,4731,1608,3123
1028,4703,1021,3682
1029,5745,2023,3722
1030,9304,2775,6529
1031,266510,118499,148011
1032,77829,18027,59802
1033,32320,9583,22737
1034,80026,14302,65724
1035,38807,3141,35666
1036,10398,1602,8796
1037,43045,5604,37441
1038,30018,6320,23698
1039,42824,5893,36931
1040,47707,10660,37047
1041,43530,11171,32359
1042,25444,3478,21966
1043,25804,5408,20396
1044,25967,4006,21961
1045,80779,15305,65474
1046,33846,11661,22185
1047,31175,4139,27036
1048,28996,5866,23130
1049,18278,2367,15911
1050,32224,5095,27129
1051,24379,5798,18581
1052,15954,4896,11058
1053,72239,13121,59118
1054,9131,434,8697
1055,63645,10446,53199
1056,12906,3851,9055
1057,64423,18390,46033
1058,31797,5843,25954
1059,45757,15224,30533
1060,21018,2567,18451
1061,19175,4993,14182
1062,48479,15268,33211
1063,10963,2560,8403
1064,21491,1999,19492
1065,12690,2793,9897
1066,37910,6616,31294
1067,11183,1064,10119
1068,51675,6551,45124
1069,18486,1530,16956
1070,25251,3712,21539
1071,11630,2284,9346
1072,65870,29442,36428
1073,45211,4475,40736
1074,14765,1577,13188
1075,20026,1798,18228
1076,34627,2762,31865
1077,20843,2612,18231
1078,17104,1793,15311
1079,8987,1646,7341
1080,32959,3870,29089
1081,33995,4073,29922
1082,20263,5823,14440
1083,40399,9725,30674
1084,16322,1449,14873
1085,13196,3089,10107
1086,17472,1377,16095
1087,12570,2517,10053
1088,23395,3037,20358
1089,13265,1558,11707
1090,10312,1959,8353
1091,17672,2439,15233
1092,17769,2239,15530
1093,25384,2891,22493
1094,35565,9577,25988
1095,57505,19361,38144
1096,20951,4141,16810
1097,43597,11013,32584
1098,20353,2736,17617
1099,34311,6442,27869
1100,32056,5760,26296
1101,59083,15031,44052
1102,27876,5915,21961
1103,37216,4577,32639
1104,21797,3470,18327
1105,21376,4064,17312
1106,10711,3005,7706
1107,4439,616,3823
1108,8616,1646,6970
1109,5445,1107,4338
1110,35544,9903,25641
1111,12408,1666,10742
1112,10954,1562,9392
1113,27506,4645,22861
1114,5683,868,4815
1115,14234,1100,13134
1116,12646,1976,10670
1117,6532,432,6100
1118,5639,591,5048
1119,13501,1730,11771
1120,14538,1874,12664
1121,12044,1305,10739
1122,4258,893,3365
1123,4177,1142,3035
1124,11550,2066,9484
1125,6818,1246,5572
1126,9646,1267,8379
1127,3259,475,2784
1128,6023,401,5622
1129,6120,1096,5024
1130,28240,6185,22055
1131,28994,6011,22983
1132,131617,49027,82590
1133,35633,8520,27113
1134,17265,2484,14781
1135,30043,5783,24260
1136,15856,3056,12800
1137,53095,13927,39168
1138,16365,3999,12366
1139,20268,5590,14678
1140,51167,9879,41288
1141,33611,7187,26424
1142,15249,2859,12390
1143,12366,2702,9664
1144,17741,3948,13793
1145,20286,4164,16122
1146,38668,10036,28632
1147,6864,1894,4970
1148,16723,4048,12675
1149,13767,2796,10971
1150,14337,4178,10159
1151,18779,3757,15022
1152,26055,6194,19861
1153,37156,7543,29613
1154,24571,7822,16749
1155,62665,17222,45443
1156,30243,8149,22094
1157,29771,7699,22072
1158,26339,6194,20145
1159,57883,14350,43533
1160,11147,1912,9235
1161,21751,5565,16186
1162,2407,424,1983
1163,4186,320,3866
1164,17990,4856,13134
1165,17241,5691,11550
1166,24409,8255,16154
1167,29188,12299,16889
1168,7638,1394,6244
1169,13168,3625,9543
1170,9414,2449,6965
1171,14376,2147,12229
1172,10435,1490,8945
1173,8776,1202,7574
1174,7204,1398,5806
1175,30537,11432,19105
1176,9212,2758,6454
1177,11812,1824,9988
1178,12196,1818,10378
1179,5515,1391,4124
1180,14001,3951,10050
1181,15076,2325,12751
1182,15762,4809,10953
1183,5979,810,5169
1184,15378,2146,13232
1185,31604,4874,26730
1186,60713,16317,44396
1187,13759,1891,11868
1188,16629,3119,13510
1189,18512,2913,15599
1190,29432,4822,24610
1191,13755,1261,12494
1192,59347,19259,40088
1193,20108,3589,16519
1194,18827,2577,16250
1196,42967,6684,36283
1197,39085,9247,29838
1198,17052,2289,14763
1199,11899,2942,8957
1200,21428,5122,16306
1201,7364,1230,6134
1202,19809,3547,16262
1203,22417,4676,17741
1204,13161,2867,10294
1205,5577,833,4744
1206,5631,867,4764
1207,12078,761,11317
1208,20946,2211,18735
1209,25148,4723,20425
1210,7665,808,6857
1211,3178,385,2793
1212,15814,1944,13870
1213,7600,1128,6472
1214,10622,3753,6869
1215,8304,1043,7261
1216,13325,1613,11712
1217,4570,397,4173
1218,6115,1655,4460
1219,30091,6914,23177
1220,88032,32225,55807
1221,21372,2579,18793
1222,15478,1086,14392
1223,25417,4664,20753
1224,11148,1459,9689
1225,13823,1706,12117
1226,26652,2939,23713
1227,162959,54209,108750
1228,44553,11099,33454
1229,56149,13017,43132
1230,22489,8185,14304
1231,48530,10052,38478
1232,50266,15777,34489
1233,61381,21696,39685
1234,73692,20350,53342
1235,92108,27497,64611
1236,37319,9650,27669
1237,35561,9346,26215
1238,27175,5483,21692
1239,59971,16409,43562
1240,22271,5676,16595
1241,47375,11769,35606
1242,137197,51374,85823
1243,23923,5283,18640
1244,23638,6309,17329
1245,23712,6993,16719
1246,20877,7383,13494
1247,20641,6848,13793
1248,14140,3531,10609
1249,14040,2776,11264
1250,17758,4323,13435
1251,40346,11772,28574
1252,20403,5875,14528
1253,16923,3624,13299
1254,30406,9439,20967
1255,14533,3557,10976
1256,24434,6026,18408
1257,14296,3674,10622
1258,15112,4261,10851
1259,52236,13133,39103
1260,29411,9575,19836
1261,41387,14893,26494
1262,32030,5810,26220
1263,30413,7968,22445
1264,10359,2439,7920
1265,44543,15581,28962
1266,76339,31753,44586
1267,12238,2430,9808
1268,11058,2358,8700
1269,10392,3250,7142
1270,15393,4021,11372
1271,49924,20470,29454
1272,11464,2418,9046
1273,63200,16001,47199
1274,29766,9258,20508
1275,44932,14845,30087
1276,33436,8016,25420
1277,17227,5756,11471
1278,11177,3174,8003
1279,34077,10758,23319
1280,30356,8614,21742
1281,85161,23114,62047
1282,36711,9580,27131
1283,18587,5462,13125
1284,24382,5968,18414
1285,18103,4958,13145
1286,16259,4164,12095
1287,35089,10277,24812
1288,16131,4648,11483
1289,7722,2198,5524
1290,23131,6782,16349
1291,13859,2918,10941
1292,20978,7025,13953
1293,33979,6801,27178
1294,19716,4059,15657
1295,64413,22439,41974
1296,32941,10577,22364
1297,5984,1099,4885
1298,8415,1855,6560
1299,33219,8174,25045
1300,11823,808,11015
1301,9411,863,8548
1302,35986,5309,30677
1303,51856,10924,40932
1304,31444,4198,27246
1305,13441,3426,10015
1306,11409,1271,10138
1307,11593,1287,10306
1308,20402,2372,18030
1309,34562,7700,26862
1311,27573,7616,19957
1312,2787,287,2500
1313,43594,8180,35414
1314,22639,9479,13160
1315,111790,38877,72913
1316,12729,1473,11256
1317,27913,4881,23032
1318,24511,3074,21437
1319,10251,1296,8955
1320,28535,7011,21524
1321,5570,614,4956
1322,4989,250,4739
1323,5386,806,4580
1324,11357,1706,9651
1325,5563,1362,4201
1326,13427,2120,11307
1327,10448,2268,8180
1328,15941,3023,12918
1329,7862,2545,5317
1330,14241,817,13424
1331,14331,2592,11739
1332,25327,1738,23589
1333,20646,1370,19276
1334,61523,11092,50431
1335,23850,2783,21067
1336,39544,10492,29052
1337,43507,9363,34144
1338,12461,2107,10354
1339,12164,2452,9712
1340,14909,4095,10814
1341,22321,4931,17390
1342,18744,4325,14419
1343,8972,798,8174
1344,7289,1706,5583
1345,40281,17227,23054
1346,247865,82586,165279
1347,13724,4584,9140
1348,102222,30441,71781
1349,130894,58944,71950
1350,22922,6931,15991
1351,12957,2516,10441
1352,25078,10760,14318
1353,25039,7565,17474
1354,56519,18188,38331
1355,74673,29834,44839
1356,43044,13629,29415
1357,115233,38500,76733
1358,15220,5025,10195
1359,7205,1581,5624
1360,4068,995,3073
1361,9350,1478,7872
1362,4452,792,3660
1363,2749,684,2065
1364,5700,900,4800
1365,3051,573,2478
1366,10586,1973,8613
1367,5601,801,4800
1368,21753,6719,15034
1369,19380,3999,15381
1370,11385,2053,9332
1371,7284,1877,5407
1372,10351,1904,8447
1373,4287,808,3479
1374,7908,1497,6411
1375,3842,703,3139
1376,6296,874,5422
1377,22062,3399,18663
1378,77342,14574,62768
1379,10232,1589,8643
1380,46971,14294,32677
1381,16794,1219,15575
1382,14820,1863,12957
1383,6170,1161,5009
1384,7759,1006,6753
1385,6048,752,5296
1386,2558,150,2408
1387,6506,667,5839
1388,3384,434,2950
1389,14057,2323,11734
1390,6350,821,5529
1391,6473,967,5506
1392,3322,146,3176
1393,3217,419,2798
1394,11160,1771,9389
1395,14613,1187,13426
1396,6578,815,5763
1397,4523,519,4004
1398,3114,327,2787
1399,9639,915,8724
1400,11439,1663,9776
1401,7550,764,6786
1402,31929,3497,28432
1403,45278,4850,40428
1404,23581,3538,20043
1405,20231,1661,18570
1406,20034,3245,16789
1407,26802,1966,24836
1408,47513,3997,43516
1409,3211,1046,2165
1410,7408,3170,4238
1411,9942,1954,7988
1412,6797,1526,5271
1413,6485,1195,5290
1414,12038,3604,8434
1415,10149,1596,8553
1416,43093,9029,34064
1417,10223,1919,8304
1418,14187,1988,12199
1419,22822,2605,20217
1420,19759,2672,17087
1421,27842,5941,21901
1422,22867,4577,18290
1423,12569,1778,10791
1424,15763,2255,13508
1425,15776,1942,13834
1426,29070,3379,25691
1427,9337,1270,8067
1428,7611,1583,6028
1429,73568,21645,51923
1430,38857,9276,29581
1431,225344,71218,154126
1432,76859,27569,49290
1433,28352,2358,25994
1434,22620,6025,16595
1435,62338,18471,43867
1436,20700,5992,14708
1437,36346,8695,27651
1438,30677,1977,28700
1439,17257,3037,14220
1440,17816,3914,13902
1441,28795,5631,23164
1442,3898,904,2994
1443,14343,2563,11780
1444,12770,2678,10092
1445,6315,1411,4904
1446,6523,1226,5297
1447,10020,1742,8278
1448,2734,461,2273
1449,40811,11285,29526
1450,12270,2941,9329
1451,10868,2564,8304
1452,4618,1276,3342
1453,5272,978,4294
1454,11441,1909,9532
1455,5364,992,4372
1456,7335,1849,5486
1457,4895,846,4049
1458,5495,970,4525
1459,19069,4337,14732
1460,8399,1673,6726
1461,28681,3585,25096
1463,10860,1166,9694
1464,25443,5667,19776
1465,40169,11583,28586
1466,23788,3166,20622
1467,28521,5042,23479
1468,36619,5413,31206
1469,20312,2064,18248
1470,22998,1779,21219
1471,18582,3892,14690
1472,16247,1716,14531
1473,43681,16739,26942
1474,2496,44,2452
1475,31214,5398,25816
1476,47769,18747,29022
1477,14655,442,14213
1478,9867,1516,8351
1479,24989,884,24105
1480,15409,1216,14193
1481,21850,823,21027
1482,10084,745,9339
1483,12396,1139,11257
1484,12321,832,11489
1485,32373,4953,27420
1486,6528,118,6410
1487,17581,3867,13714
1488,29624,3716,25908
1489,38642,2469,36173
1490,9788,939,8849
1491,9342,187,9155
1492,6804,1313,5491
1493,6305,1505,4800
1494,1738,314,1424
1495,8811,1749,7062
1496,10413,2377,8036
1497,6513,1186,5327
1498,6128,890,5238
1499,8190,1306,6884
1501,11874,2547,9327
1502,8170,1382,6788
1503,4424,707,3717
1504,11385,3285,8100
1505,2332,377,1955
1506,6112,1328,4784
1507,3315,539,2776
1508,4127,853,3274
1509,5358,964,4394
1510,9347,1291,8056
1511,65647,24043,41604
1512,7028,1338,5690
1513,5680,1665,4015
1514,18244,2585,15659
1515,4269,862,3407
1516,55883,17551,38332
1517,9996,2244,7752
1518,14534,4443,10091
1519,5313,1087,4226
1520,6809,1446,5363
1521,8463,1752,6711
1522,19208,2940,16268
1523,5179,917,4262
1524,13276,3019,10257
1525,12872,1404,11468
1526,7474,1890,5584
1527,8276,1198,7078
1528,7604,1309,6295
1529,13675,1823,11852
1530,17083,1892,15191
1531,14825,2692,12133
1532,25460,9249,16211
1533,6067,2083,3984
1534,25550,5725,19825
1535,42718,13374,29344
1536,52390,10568,41822
1537,66734,13781,52953
1538,43988,11752,32236
1539,30325,6706,23619
1540,14952,3732,11220
1541,29021,7777,21244
1542,47863,14615,33248
1543,12384,4087,8297
1544,9871,2483,7388
1545,6915,2138,4777
1546,15734,2139,13595
1547,12357,3031,9326
1548,21987,6034,15953
1549,150848,47117,103731
1550,29410,7114,22296
1551,31450,11138,20312
1552,24238,3138,21100
1553,11978,1532,10446
1554,16505,1614,14891
1555,13986,2092,11894
1556,1341,342,999
1557,16830,6567,10263
1558,27927,4800,23127
1559,15584,1638,13946
1560,13602,1808,11794
1561,1685,90,1595
1562,25611,6248,19363
1563,10763,2832,7931
1564,13164,3900,9264
1565,18573,5566,13007
1566,20334,6747,13587
1567,22574,5827,16747
1568,119372,44088,75284
1569,16812,4208,12604
1570,17426,5186,12240
1571,10509,3463,7046
1572,15995,4831,11164
1573,14246,5072,9174
1574,27951,6007,21944
1575,36530,8869,27661
1576,10393,904,9489
1577,7040,619,6421
1578,39188,10372,28816
1579,60157,23631,36526
1580,7436,450,6986
1581,13934,838,13096
1582,12265,1120,11145
1583,10953,926,10027
1584,20169,3142,17027
1585,4513,786,3727
1586,17563,3377,14186
1587,19240,3593,15647
1588,17825,2630,15195
1589,5481,926,4555
1590,10244,1902,8342
1591,17631,3048,14583
1592,18371,2352,16019
1593,7578,1681,5897
1594,15781,2086,13695
1595,14460,1036,13424
1596,16734,624,16110
1597,12862,1233,11629
1598,8811,1420,7391
1599,43764,6443,37321
1600,18082,3290,14792
1601,8463,1061,7402
1602,10191,1522,8669
1603,23984,4915,19069
1604,14149,1997,12152
1605,13222,1648,11574
1606,16971,2226,14745
1607,14572,2626,11946
1608,22186,3345,18841
1609,9163,1240,7923
1610,4825,829,3996
1611,12439,1370,11069
1612,18036,3814,14222
1614,8523,1013,7510
1615,12923,1482,11441
1616,22714,3708,19006
1617,20095,3608,16487
1618,14783,1210,13573
1619,25366,6467,18899
1620,79609,27702,51907
1621,11656,1113,10543
1622,12710,1920,10790
1623,8163,1330,6833
1624,12271,1205,11066
1625,8108,757,7351
1626,11552,1400,10152
1627,15972,2679,13293
1628,8773,954,7819
1629,18395,3018,15377
1630,10068,1284,8784
1631,337281,113649,223632
1632,14947,2058,12889
1633,19212,4054,15158
1634,12298,2067,10231
1635,12100,2174,9926
1636,28715,7570,21145
1637,19815,3780,16035
1638,11473,1078,10395
1639,15184,2642,12542
1640,17455,2742,14713
1641,11556,1711,9845
1642,14088,1108,12980
1643,17521,1781,15740
1644,17375,2568,14807
1645,9336,1038,8298
1646,19222,2683,16539
1647,16428,1159,15269
8887,130608,75698,54910
9991,6137622,2608603,3529019
9992,956860,338623,618237
9993,935360,318236,617124
