id_2,wage_res,wage_res_nonag,wage_res_ag
1,1.1368872,1.064288,1.0857934
2,.9884817,1.0304066,1.0318646
3,.99426454,1.0847663,1.0905721
4,.9884817,1.0304066,1.0318646
5,.9884817,1.0304066,1.0318646
6,.9884817,1.0304066,1.0318646
7,.9884817,1.0304066,1.0318646
8,.90864849,.94161302,.93557733
9,.9884817,1.0304066,1.0318646
10,.88411158,.84959215,1.1278344
11,1.0847421,1.0818429,1.064051
12,.9884817,1.0304066,1.0318646
13,.9884817,1.0304066,1.0318646
14,.84544611,.88435572,.86289519
15,1.5852751,1.5417032,1.1357919
16,.9884817,1.0304066,1.0318646
17,.81857544,1.0321863,.96892738
18,.81290078,.7554844,.99888301
19,.68920636,.96110481,.87945998
20,.9884817,1.0304066,1.0318646
21,.9884817,1.0304066,1.0318646
22,1.120266,1.3605262,1.1042941
23,.9884817,1.0304066,1.0318646
24,.9884817,1.0304066,1.0318646
25,.9884817,1.0304066,1.0318646
26,.9884817,1.0304066,1.0318646
27,.79923248,1.1316732,.81510472
28,.90209556,.81230402,1.1704488
29,.90632463,.88496268,.92822814
30,.75998342,.74017549,.84632576
31,.7870478,.60055184,1.1506888
32,.57629144,.37773305,.91804796
33,.85511941,.8148998,.97833627
34,.75059861,.87052488,.95705938
35,.91513795,.8158325,1.0670526
37,.92356449,.9138943,.96585095
38,.63491112,.66685897,.78632677
39,.88379943,.59649849,1.7225255
40,.74359941,.80006826,.9039703
41,.76913911,.65833855,1.0440644
42,.83226424,.70143282,1.2150446
43,.72254789,.85380363,.78285682
44,.72959852,.57172811,.90098858
45,.55721849,.54229474,.6090191
46,1.0590801,.99522245,1.1263524
47,1.003835,.91616726,1.2870727
48,.81420523,.69739324,.91562772
49,1.0547378,1.0347416,.96740675
50,.63799518,.58715308,.91390735
51,1.3746952,1.1005588,1.5964655
52,.77887636,.64165843,1.0598152
53,.90873045,.67762285,1.4146857
54,.96142119,.69400251,1.4268223
55,.71227056,.75487602,.63181973
56,.63569844,.43110955,.97278833
57,.89898258,.70649493,1.304202
58,.67797202,.77029175,.85691601
59,.80055994,.75568557,.96354902
60,.80055994,.75568557,.96354902
61,.85520154,.75319332,.95067179
62,.80055994,.75568557,.96354902
63,.80055994,.75568557,.96354902
64,.82683665,.90261632,.80995756
65,.80055994,.75568557,.96354902
66,.80055994,.75568557,.96354902
67,.80055994,.75568557,.96354902
68,.80962628,.67867261,1.1246221
69,.64043003,.83437699,.70989436
70,.94569558,.78330988,1.1062981
71,1.0053284,1.0538726,1.1177559
72,.57413334,.65007615,.64541757
74,.95472062,.87524855,1.134316
75,.90946978,.7500326,1.1437197
76,1.2750113,1.3197078,1.0038868
77,.85261399,.8342551,.96958888
78,1.0886509,1.0579786,1.0817277
79,.74621749,.85389793,.86610687
80,.54011554,.49487302,.81074685
81,.49371997,.31967735,.96657211
82,.58673364,.47277555,.80294949
83,.97872925,.92682874,1.0029025
84,.65789163,.66034001,.87114775
85,.70398068,.58697206,.96122581
86,1.0301124,1.1652205,1.1448396
87,1.1175766,1.4551661,1.2842652
88,.74273086,.63326389,.93248284
89,.77797192,.73029011,.81365979
90,.85261399,.8342551,.96958888
91,.65895241,.51649666,.91887093
92,.64017892,.68993425,.74553901
93,.71186119,.68654364,.82946604
94,.82911408,.62966704,1.2735227
95,.71186119,.68654364,.82946604
96,.71186119,.68654364,.82946604
97,.71186119,.68654364,.82946604
98,.85300714,.68654364,1.4189476
99,1.0133616,.83712804,1.330732
100,.71186119,.68654364,.82946604
101,.44524854,.65345031,.49480495
102,.76127195,.78172541,.54639614
103,.71186119,.68654364,.82946604
104,.71186119,.68654364,.82946604
105,.67457759,.64895737,.683676
106,.90774864,.83382273,1.017398
107,.52861744,.59023738,.65160888
108,.71186119,.68654364,.82946604
109,.88886058,1.0894527,.99404544
110,.83715183,1.2397059,.8692916
111,.78804374,.66552675,1.1565492
112,1.2331367,.69137436,2.0607536
113,1.0515325,1.2747458,1.2069849
114,.88018346,.94152528,1.2068716
115,.94267792,1.0055075,1.2281944
116,.83737558,.89818776,1.0309156
117,.68840688,.64786339,.98618287
118,.83737558,.89818776,1.0309156
119,.83737558,.89818776,1.0309156
120,1.0044893,1.0760583,1.3374535
121,.82330209,.96244258,.8077879
122,.83737558,.89818776,1.0309156
123,.83737558,.89818776,1.0309156
124,.7641629,.79878217,.83187157
125,.7641629,.79878217,.83187157
126,.7641629,.79878217,.83187157
127,.79461616,.90069944,.65852332
128,.6162948,.75923204,.62971032
129,.67230004,.51934683,.9407596
130,.87929147,.70168865,1.0185136
131,.88986826,.96283424,1.1700689
132,.75086778,.79449207,.98893785
133,.78669292,.54824519,1.1649646
134,.7641629,.79878217,.83187157
135,1.7383456,1.6780059,1.3815262
136,1.1821849,1.0199126,1.2098929
137,1.3749709,1.3141233,1.0422029
138,1.1330316,.95796478,1.1752017
139,1.2659971,1.0818422,1.2024062
140,1.1821849,1.0199126,1.2098929
141,1.1744162,.94936007,1.1812471
142,1.1087185,.86028951,1.7798464
143,.76917952,.5851289,1.1686305
144,1.1821849,1.0199126,1.2098929
145,.93337303,.7786963,1.2813833
146,1.1821849,1.0199126,1.2098929
147,1.2474272,1.1040512,1.3406188
148,1.2474272,1.1040512,1.3406188
149,1.2474272,1.1040512,1.3406188
150,1.2474272,1.1040512,1.3406188
151,1.2474272,1.1040512,1.3406188
152,1.2474272,1.1040512,1.3406188
153,1.1812907,1.0386885,1.4273396
154,1.1532661,.99683386,1.2842937
155,.95490384,.76630104,1.2052472
156,1.1532661,.99683386,1.2842937
157,1.2207521,1.0556377,1.1790682
158,1.1588246,1.0300821,1.2312956
159,1.1532661,.99683386,1.2842937
160,.78605509,.74140048,1.0403064
161,1.2244742,1.1063193,1.2443727
162,1.201346,1.0474907,1.2639738
163,1.1161034,1.0197426,1.2267383
164,1.1532661,.99683386,1.2842937
165,1.1532661,.99683386,1.2842937
166,1.3457398,1.1981252,1.3177379
167,1.0674858,.93781757,1.4926586
168,1.1484126,.92142785,1.6727376
169,1.2792946,1.0216657,1.4353771
170,1.1532661,.99683386,1.2842937
171,.90946627,.76076519,1.2232734
172,1.0816544,.95126855,1.2319256
173,.97805536,.79654616,1.3121655
174,1.2349733,1.0058095,1.4922631
175,1.1849933,1.0747476,1.3636359
176,1.1532661,.99683386,1.2842937
177,1.1532661,.99683386,1.2842937
178,1.1480122,1.0036352,1.1558557
179,1.0471745,.99812514,1.1220776
180,1.2954315,1.0541801,1.6563387
182,1.1532661,.99683386,1.2842937
183,1.0807803,.88949722,1.2641517
184,1.183098,1.0267694,1.1962733
185,1.1532661,.99683386,1.2842937
186,.67606848,.58865225,.71948802
187,.83124357,.84436703,.94695038
188,.89363188,.67558712,1.4319043
189,1.4334884,1.2761723,1.3615955
190,1.4229958,1.2072861,1.3534093
191,1.3033885,1.1682523,1.2772858
192,.95010221,.96218717,1.0961807
193,1.3456815,1.2902819,1.0325292
194,1.3033885,1.1682523,1.2772858
195,1.130116,.99514085,1.4133255
196,.52274531,.43952495,.75362921
197,1.3366094,1.2206976,1.2524595
198,1.2424672,1.0698299,1.217692
199,.98019528,.86533773,1.2345436
200,1.2881097,1.0932819,1.313772
201,1.0582969,.93554211,1.2713922
202,1.2213253,1.1477277,.98725438
203,.87735075,.94932431,.76033711
204,.9372617,.81089032,1.1841596
205,.80275923,.77786696,.82565653
206,.77072859,.94607902,.77748889
207,1.138051,1.4157205,.51375997
208,.87735075,.94932431,.76033711
209,.68774021,.81993264,.58239448
210,.84336692,.7618165,.97681928
211,.84336692,.7618165,.97681928
212,.99935663,.93915594,.8399092
213,.84336692,.7618165,.97681928
214,.84336692,.7618165,.97681928
215,.85511297,.80482829,1.0269763
216,.84336692,.7618165,.97681928
217,.84336692,.7618165,.97681928
218,.84336692,.7618165,.97681928
219,1.5301609,1.592382,1.0317966
220,.61885875,.51772285,.90858006
221,1.1557411,1.0596632,.93925548
222,1.0874417,.8258878,1.5918748
223,.84336692,.7618165,.97681928
224,.75337338,.7385354,.58248121
225,.84336692,.7618165,.97681928
226,.84336692,.7618165,.97681928
227,.84336692,.7618165,.97681928
228,.72646171,.70409495,.80950826
229,1.0637121,.83328205,1.5964383
230,.84336692,.7618165,.97681928
231,.9084149,.82499379,.98989558
232,.84336692,.7618165,.97681928
233,.88145834,.7934947,1.0338259
234,.77098012,.69029403,.73470736
235,.73700279,.43598735,1.2699338
236,.84336692,.7618165,.97681928
237,.84336692,.7618165,.97681928
238,.84336692,.7618165,.97681928
239,.82684582,.68399262,1.1412228
240,.86311042,.75409198,1.0280683
241,.5344485,.62750942,.67947906
242,.93367767,.80674016,.97690433
243,.77456206,.8238194,.6468187
244,.84336692,.7618165,.97681928
245,.84336692,.7618165,.97681928
246,.84336692,.7618165,.97681928
247,.63727307,.45545864,1.0514328
248,.97239274,.85688972,1.3159827
249,.63921064,.55806845,.7886368
250,.84336692,.7618165,.97681928
251,.84336692,.7618165,.97681928
252,.83104128,.7896086,.80246812
253,.59179538,.60261792,.67342836
254,.6857357,.76111388,.94051522
255,.79598451,.83272588,.80836654
256,.80925643,.60588264,1.1526419
257,.84336692,.7618165,.97681928
258,.3913489,.82034725,.61064899
259,.53698492,.54422611,.72507924
260,.70827365,.82034725,.88698977
261,.70827365,.82034725,.88698977
262,.65095109,.93724722,.86179972
263,.70827365,.82034725,.88698977
264,.70827365,.82034725,.88698977
265,.70827365,.82034725,.88698977
266,.80205643,.85796982,.65429258
267,.78652692,1.1323282,.9345811
268,.70827365,.82034725,.88698977
269,.6469425,.63269854,.93056673
270,.80227125,.85547101,.94706559
271,.93660259,1.280401,1.0364308
272,.69276732,.96101511,.86823225
273,.78250921,.69157439,1.0980371
274,.65365833,.91965544,.8427009
275,.75118512,.79982466,.91333991
276,.70827365,.82034725,.88698977
277,.69359207,.89360219,.99814755
278,.59665817,.73330164,.80697238
279,.68892878,.68888456,.84525555
280,.98861748,.87531811,1.1632944
281,1.2421274,1.0625347,1.3768843
282,1.0219829,.89869028,1.1011653
283,1.324164,1.1094531,1.4235035
284,.92836887,.81058168,1.0569847
285,1.2174147,.99685282,1.5024419
286,1.3203913,1.2252957,1.3306439
287,1.1663311,1.0112718,1.3073058
288,.9688648,.89511615,1.1478497
289,.83868998,.75567251,.98462689
290,1.2942841,1.1191181,1.3694775
291,1.3241205,1.1093985,1.2924041
292,1.2868121,1.0875356,1.4134903
293,1.3602012,1.1653837,1.5522479
294,1.3997779,1.1363473,1.6332113
295,.9951241,.90143073,1.1901364
296,1.1522869,.93355429,1.680967
297,1.048241,.8022604,1.3378701
298,1.2122414,1.0762544,1.514334
299,.93042481,.74831814,1.3523102
300,1.2623248,1.1226408,1.2773589
301,1.0334849,1.0371833,1.0732237
302,.86956209,.67228323,1.2415644
303,1.133517,.97034806,1.3914535
304,.73532689,.93380183,1.0684311
305,.68654865,.78675169,.94057965
306,.83093083,1.1084955,1.019558
307,.50710499,1.413511,.67886931
308,.73691553,.68186653,.95867598
309,.65653324,.81654155,.93865901
310,.81593668,.95814729,.93926239
311,.81593668,.95814729,.93926239
312,.81593668,.95814729,.93926239
313,.84196764,.84680235,.86177742
314,.98336518,1.0304242,1.1808244
315,.86555684,.95576435,.73173606
316,.77124196,1.0717585,1.0373834
317,.93204415,.87056953,1.2781333
318,.81977528,1.0826867,.74007356
319,.5300948,.54282445,.62428296
320,.81593668,.95814729,.93926239
321,1.1746544,1.3730485,1.5243918
322,.81593668,.95814729,.93926239
323,.81593668,.95814729,.93926239
324,.81593668,.95814729,.93926239
325,1.077119,1.0555772,1.0386618
326,.81593668,.95814729,.93926239
327,.81593668,.95814729,.93926239
328,.81593668,.95814729,.93926239
329,.74547559,.87798101,.89048594
330,.55552143,.94337481,.73654348
331,.63505638,.71859145,.76796603
332,1.2390928,1.1487478,1.0582428
333,.92772561,.97193253,.93183392
334,.83816642,.9226529,.9922092
335,1.0657412,.9303807,1.2042869
336,.68547088,1.3177421,.84929579
337,.83711153,.77630377,1.1020788
338,.58393729,.64864004,.77527183
339,1.0125024,1.2560145,1.0311005
340,.63832253,.35393253,1.0892003
341,.83816642,.9226529,.9922092
342,.56687611,.57590377,.81276065
343,.83816642,.9226529,.9922092
344,.83647889,1.0543869,.85697538
345,.74958336,.83310229,.98333764
346,.83871526,.87187475,.94326442
348,.81404471,.71604741,1.0596787
349,.83871526,.87187475,.94326442
351,.68156981,.86121631,.83225268
352,1.0848835,1.2605137,1.0659456
353,.83871526,.87187475,.94326442
354,.70010042,.56201303,1.0994915
355,.95591801,.74153835,1.4663389
356,.82292402,.86668342,.8140673
357,.83871526,.87187475,.94326442
358,.83871526,.87187475,.94326442
359,.83871526,.87187475,.94326442
360,1.0120201,.98573619,1.1066272
361,.83871526,.87187475,.94326442
362,.84736919,.74621809,1.0272493
363,.78690135,1.0917902,.92028135
364,.80334556,.85374242,.86698967
365,.73876995,.79232115,.91443795
366,.7168597,.60243851,1.0211582
367,.83871526,.87187475,.94326442
368,.63631594,.63883799,.77915615
369,.84436685,.86908859,.9833746
370,1.0759721,1.0775818,.82707775
371,.71781969,.84700727,.81910825
372,.64027214,.634004,.77783155
373,.68919957,.75496775,.8679713
374,.89302355,.98808342,1.0281894
375,.8465901,1.1871789,.9166835
376,.81794488,.82943976,.8704415
377,.83871526,.87187475,.94326442
378,.83871526,.87187475,.94326442
379,.83871526,.87187475,.94326442
380,.84142095,.83961511,1.0096226
381,.83871526,.87187475,.94326442
382,.83871526,.87187475,.94326442
383,.83871526,.87187475,.94326442
384,1.0514185,1.0126141,.992535
385,.72447222,.72832501,.75539809
386,.85175705,.75790584,1.0164911
387,1.1756572,1.1507388,1.0200135
388,1.0514185,1.0126141,.992535
389,.69516355,.76646924,.69930613
390,.50918448,.84058672,.71293384
391,.75035906,.80388647,.95922279
392,.74577075,.68789202,.91042453
393,.71758789,.63225162,.9463473
394,.8251313,.9993999,1.1473904
395,.69177395,1.3760667,.76329094
396,.88267606,1.2697707,.71825939
397,.70952392,.76253694,.78489828
398,.75035906,.80388647,.95922279
399,.75035906,.80388647,.95922279
400,.54623365,.75914407,.67884874
401,.75035906,.80388647,.95922279
402,.78006834,.68872231,.94792175
403,.69283366,.58968413,.96179456
404,.51749265,.50367278,.77226931
405,1.1450326,.80388647,2.0728738
406,.93310696,1.05767,1.0543967
407,.97835243,.86954981,1.3789271
408,.93310696,1.05767,1.0543967
409,.82038355,1.6751083,.83222735
410,.93310696,1.05767,1.0543967
411,1.28455,1.5131334,.83447373
412,.93310696,1.05767,1.0543967
413,.94972378,.97516352,1.2390677
414,.93310696,1.05767,1.0543967
415,.93310696,1.05767,1.0543967
416,.86140454,.74460161,1.0542622
417,.99433661,.92989653,1.1463013
418,1.325438,1.3044572,1.0809286
419,1.4598753,1.3312764,1.2585825
420,1.3591237,1.1213019,1.5160857
421,1.1373649,.97926992,1.2004853
422,1.3112657,1.1041486,1.4645443
423,1.3303334,1.1509941,1.3446436
424,1.2884703,1.0370411,1.696702
425,1.3055171,1.0973787,1.210665
426,1.6430194,1.4367543,1.3724791
427,1.3303334,1.1509941,1.3446436
428,1.2360429,1.0429642,1.2652242
429,1.216627,1.1746153,1.1703368
430,1.3303334,1.1509941,1.3446436
431,1.3303334,1.1509941,1.3446436
432,1.1602433,.97498363,1.1400981
433,1.1592019,1.0462621,1.2009516
434,.9931587,.91502517,1.0679827
435,1.2527716,1.0521814,1.5329736
436,1.203485,1.0252928,1.3455712
437,1.2331221,1.0379335,1.3003482
438,1.3303334,1.1509941,1.3446436
439,1.3303334,1.1509941,1.3446436
440,.9897213,.9095875,.74800128
441,.89844686,.79540414,1.1055894
442,.95253664,.87745088,.86800641
443,.95253664,.87745088,.86800641
444,.91064376,.90993345,.88317126
445,.58582532,.46495733,.84123021
446,1.2815595,1.2094892,.93102938
447,.93299097,.85202485,.8936407
448,.69794965,.84171176,.69735074
449,.97632062,.84414077,.94461447
450,.67970377,.68451613,.61607277
451,.95253664,.87745088,.86800641
452,.95253664,.87745088,.86800641
454,.95253664,.87745088,.86800641
455,.95253664,.87745088,.86800641
457,.95253664,.87745088,.86800641
458,1.1327764,1.1416461,.94408119
459,1.011802,.91080046,1.1241693
460,.95253664,.87745088,.86800641
461,.46354625,.54578662,.56006485
462,.93298161,.83396113,.78895837
464,.75093007,.64666933,.98863083
465,.67956251,.5598399,1.0367566
468,.95253664,.87745088,.86800641
469,.75585568,.86200333,.73679674
471,.50306505,.69233876,.55969125
473,1.0123399,.96926725,1.0965799
475,1.0286189,.8792482,1.3780808
476,.95253664,.87745088,.86800641
477,.71405524,.60495776,.78619677
478,.95253664,.87745088,.86800641
479,.68403417,.65023357,.77953827
480,.95253664,.87745088,.86800641
481,.97953618,.90946949,.96620631
482,.71577913,.73125589,.45947045
483,.70084602,.63729274,.82940561
484,.95253664,.87745088,.86800641
485,.72372168,.58133578,1.0292394
486,.93133706,.86061227,.92196852
487,.82085299,.73901957,.92794049
488,.41741174,.5166406,.43508658
489,.95253664,.87745088,.86800641
491,.7920745,.71243125,.89256722
492,.98505026,.89696509,.71422946
493,.95253664,.87745088,.86800641
494,.78505599,.72098047,1.045087
495,.92370147,.79561913,1.0543594
496,.89898926,.74004853,1.3574076
497,.95184988,.88220853,1.1583285
498,.89485317,.84155458,1.1431746
499,.68894088,.65485954,.90503937
500,.89625251,.84808117,1.1419711
501,.69009018,.70087057,.79174989
502,.67440242,.67839646,.80149209
503,.96161342,.89502317,1.3335822
504,.81737238,.69661903,1.1070955
505,.73402584,.55291438,1.105333
506,.89144856,.66483802,1.3488755
508,.89421135,1.1774805,.99441153
509,.75281656,.70707136,.88527292
512,.81155139,.77509308,1.0717512
513,.77853376,.68561655,1.0816437
515,.94677794,.80015868,1.2870512
516,.8867929,.95731056,.74968201
518,.76838189,.70569158,.92032397
519,.81713587,.82930315,1.0680319
520,.56762898,.57859015,.79835832
521,.65014988,1.1268458,.53600669
522,.58061934,.52553278,.81413406
523,.74089092,.98661858,.81980991
524,.91775036,.8936094,.96749091
525,.61624682,.65219152,.76244277
526,.71672106,.85597086,.78584659
527,.91775036,.8936094,.96749091
528,.97196156,.96510875,1.163885
529,.55919641,.5512436,.57918048
530,.47334382,.4014909,.6880182
531,.91775036,.8936094,.96749091
532,.81716192,.98471451,.93914002
533,.67076212,.70138013,.80214763
534,.80936944,.63883311,1.1536101
535,.47068116,.70138013,.64573455
536,.59482789,.40086263,.90450841
537,.67136848,.7533235,.75003886
538,.54123378,.66704172,.62199628
539,.75905645,.88907385,.8919974
540,.74885947,.68694943,.83591622
541,.58637846,.50790167,.77152419
542,.59484136,.59469432,.68253016
543,1.1583205,1.5151941,.94215673
544,1.1008881,1.1566116,1.1050693
545,1.1075991,.97886449,1.0491711
546,1.3459897,1.3729025,1.1629651
547,1.1008881,1.1566116,1.1050693
548,.89660984,.71572024,1.2732409
549,1.1008881,1.1566116,1.1050693
550,.81239355,1.1812227,.93601149
551,.8668493,1.0773537,.61484557
552,.7556358,.87223065,.82530534
553,.97644842,.85914135,.95737344
554,.66811967,.87223065,1.0524451
555,.43298435,.49625891,.58980447
556,.7556358,.87223065,.82530534
557,.7556358,.87223065,.82530534
558,.76578707,.8951903,.76083249
559,.47898558,1.0453199,.43853295
560,.7556358,.87223065,.82530534
561,.68552786,.82047874,.59056115
562,.7556358,.87223065,.82530534
563,.7556358,.87223065,.82530534
564,.7556358,.87223065,.82530534
565,.7556358,.87223065,.82530534
566,.7556358,.87223065,.82530534
567,.71140689,1.4639695,.89065111
568,.7556358,.87223065,.82530534
569,.7556358,.87223065,.82530534
570,.84004325,.95226938,1.0840389
571,.72114265,.64922458,.91220152
572,.7556358,.87223065,.82530534
573,.89083034,.95818031,.70977038
574,.801314,.91335857,.72502899
575,.69602573,.86063969,.74297601
576,.801314,.91335857,.72502899
577,.801314,.91335857,.72502899
578,.99697262,1.0281466,1.2988001
579,.78177208,1.1195219,.97691
580,.98798376,1.2203122,1.199435
581,.78889495,.79128754,.99273163
582,.98798376,1.2203122,1.199435
583,1.0996071,1.0066192,1.5282624
584,.98798376,1.2203122,1.199435
585,1.2225338,1.0888306,1.3539976
586,.98798376,1.2203122,1.199435
587,1.0475407,1.008096,1.2040855
588,1.2576779,2.9165668,1.4080985
589,.98468584,.87339216,1.2080085
590,.9317258,.80540943,1.0675623
591,.81024349,.71596467,1.2039053
592,1.0098407,.93042004,1.3052247
593,.98468584,.87339216,1.2080085
594,.88908315,.70761979,1.317993
595,.75343347,.68114001,.97236776
596,.98468584,.87339216,1.2080085
597,.93320715,.93479246,1.138615
598,.85457158,.72685409,1.2448466
599,.98468584,.87339216,1.2080085
600,1.1481341,1.0095874,1.1405938
601,.98468584,.87339216,1.2080085
602,.98468584,.87339216,1.2080085
603,.99568534,.83558041,1.0731287
605,.84990823,.69635499,1.2040515
606,.87264103,.71986938,1.1529688
607,1.4001927,1.3458166,1.3306754
608,.76892138,1.1431643,1.0298399
609,.98468584,.87339216,1.2080085
610,.98468584,.87339216,1.2080085
611,.98468584,.87339216,1.2080085
612,1.0974267,.95090395,1.5591303
613,.84066951,.90921301,.94191563
614,.84066951,.90921301,.94191563
615,1.1431526,1.1454951,1.0585816
616,.70144182,1.3577043,.82677764
617,.84066951,.90921301,.94191563
618,.80282295,.75139695,.97515976
619,1.2570281,1.1673303,1.1392088
620,.6200878,.95720351,.8815158
621,.5878002,.88296843,.68454492
622,.84066951,.90921301,.94191563
623,.84066951,.90921301,.94191563
624,.77204794,.83046168,.86164623
625,.84066951,.90921301,.94191563
626,.84066951,.90921301,.94191563
627,.69011092,1.3506496,.8405596
628,.40016145,1.8766409,.39987418
629,.84066951,.90921301,.94191563
630,.84066951,.90921301,.94191563
631,.84066951,.90921301,.94191563
632,1.0094279,.88361281,1.1918851
633,.84066951,.90921301,.94191563
634,1.4132594,1.3075187,1.0828645
635,.69146508,.67280871,.81782162
636,.77401674,.74853814,1.0762234
637,.49782637,.63788563,.6501072
638,.84066951,.90921301,.94191563
639,.83267003,.91931164,.97335953
640,.84066951,.90921301,.94191563
641,.84066951,.90921301,.94191563
642,.7885471,.76248413,.96761465
643,.84066951,.90921301,.94191563
644,.84066951,.90921301,.94191563
645,.84066951,.90921301,.94191563
646,.97261292,.86628729,1.0362121
647,.60834426,.73408836,.63959819
648,.78495532,.82683873,.83355576
649,.78495532,.82683873,.83355576
650,.67577052,.5203225,1.0153269
651,.78495532,.82683873,.83355576
652,.41350633,.7553885,.44629803
653,.66384286,.67482102,.71042693
654,.78495532,.82683873,.83355576
655,.78495532,.82683873,.83355576
656,.78495532,.82683873,.83355576
657,.78495532,.82683873,.83355576
658,.66721731,.58302259,.9363904
659,.54810095,1.0987465,.70301962
660,.84727412,.94549572,.96183217
661,.80904019,.88047111,.85109586
662,.67987293,1.078095,.57775295
663,.78495532,.82683873,.83355576
664,.63189942,.66444767,.73560238
665,.78495532,.82683873,.83355576
666,.65130186,.59094602,.95636034
667,.95040911,.88902062,.95793754
668,.76579607,.81823462,.74549121
669,.83108211,.95632297,.85223931
670,.81327945,.88950855,1.0104961
671,.4581205,.89245886,.56828696
672,.66379201,.51053476,1.0990665
673,.76563823,.71782404,.84375644
674,.90393949,.95414728,.67019182
675,.78495532,.82683873,.83355576
676,.943542,.81639063,1.117516
677,.67194575,.65936422,.72495514
678,.72873801,.91867054,.61188954
679,.95167226,1.0004048,.82867748
680,.87360197,.87971723,.98512566
681,.78495532,.82683873,.83355576
682,.78495532,.82683873,.83355576
683,.4996638,.44494933,.77627307
684,.78495532,.82683873,.83355576
685,.68317205,.76744473,.79791713
686,.98026198,.94228619,.91265458
687,.97029424,1.0246681,.80624771
688,.5989604,.6605773,.65595597
689,.78495532,.82683873,.83355576
690,.78495532,.82683873,.83355576
691,.71342558,.76325125,1.0406171
692,.78277177,.84622192,.91261959
693,.94039911,.95223635,1.0467225
694,.86669064,.8863892,.90277743
695,.65783095,.95138574,.80499667
696,.74838972,.83500427,.9073723
697,.70602113,.67597145,.95828027
698,.84695435,.95764208,.91593093
699,.85834968,.74941295,1.0689369
700,.9446485,.9108274,1.1308504
701,.74838972,.83500427,.9073723
702,.74838972,.83500427,.9073723
703,.82985419,.73095447,1.1617968
704,.74838972,.83500427,.9073723
705,.82112777,.95267516,.90177953
706,.73729843,.83866423,.80368793
707,.76366991,.84707153,.92860121
708,.74838972,.83500427,.9073723
709,.62829989,.63487661,.89910454
710,.48946723,.39841092,.82443297
711,.74838972,.83500427,.9073723
712,.67088187,.88055134,.90281349
713,.74838972,.83500427,.9073723
714,.59922075,.50813615,.86175114
715,.64322829,.63419271,.87016869
716,.68660837,.81913638,.8713131
717,1.3197756,1.4379177,.80919087
718,.74838972,.83500427,.9073723
719,.48850864,.7747314,.61721063
720,.60854959,.92661113,.77552593
721,.68515611,1.1465956,1.0267768
722,.72577536,.81271416,.8764413
723,.74838972,.83500427,.9073723
724,.74838972,.83500427,.9073723
725,.79534888,.78125709,.86809516
726,.76973277,.89787638,.87274033
727,.40205908,.76965344,.60316038
728,.90334874,.96231157,.95829469
729,.98110676,.83576155,1.280252
730,.93550736,.82865983,1.2350447
731,.66644543,.75101012,.90074784
732,.67831606,.90648657,.91160512
733,.96514159,1.0491138,.85858059
734,.90334874,.96231157,.95829469
735,1.1538663,1.0110171,1.5231558
736,.96828943,.90482169,1.1779245
737,1.0012952,.96388811,1.0974174
738,1.1133364,1.0575411,1.3260853
739,1.0012952,.96388811,1.0974174
740,1.0012952,.96388811,1.0974174
741,.91063112,.77255863,1.1571645
742,1.0992987,1.0229714,1.2234327
743,.85838771,1.1321373,1.1244911
744,.76799822,.80855346,.86296701
745,.8808226,.81723613,1.2161421
746,1.0119401,1.089504,.55311847
747,1.0012952,.96388811,1.0974174
748,1.0012952,.96388811,1.0974174
749,1.0266407,.91020626,1.1230419
750,1.0012952,.96388811,1.0974174
751,1.0012952,.96388811,1.0974174
752,1.0531874,.92928892,1.1547418
753,1.0012952,.96388811,1.0974174
754,.87564987,1.5263544,.77687591
755,1.0313426,1.0164518,1.1759216
756,1.1478374,1.0000999,1.232702
757,1.2949728,1.1279171,1.3244487
758,1.3504771,1.0600836,1.8338825
759,1.2227371,1.0193436,1.2612777
760,1.4009372,1.1605998,1.4132674
761,1.0440035,.98113137,1.180037
762,1.1444281,.92270273,1.4573992
763,1.2949728,1.1279171,1.3244487
764,.96379524,.93792361,1.2191499
767,.9079178,.86628807,1.0528368
768,1.2225345,1.0360889,1.4149582
769,1.2949728,1.1279171,1.3244487
770,.67292917,.45433575,1.222903
771,1.2949728,1.1279171,1.3244487
772,.98418355,.84662086,1.3876073
773,1.2949728,1.1279171,1.3244487
774,.97544229,.98144907,1.1573949
775,.85611242,.8306284,.89758497
776,1.3636827,1.2241023,1.1014956
777,1.0026553,.80342507,1.2663959
779,.85019869,.703529,1.1505853
780,1.0598896,1.0606551,1.1136882
781,1.1527791,.98241764,1.2142655
783,1.1056381,1.0182902,1.08776
784,1.8028177,1.7632515,1.0427637
785,1.0613376,.89126766,1.286139
786,1.2949728,1.1279171,1.3244487
787,1.2557399,.99372935,1.5436394
788,1.2949728,1.1279171,1.3244487
789,1.2949728,1.1279171,1.3244487
791,.83027327,1.0136826,.79627872
792,1.0223597,1.0340577,1.2644699
793,.99612701,1.0130343,.65042907
794,.91688973,.90084416,.78144115
795,.84091979,.83953708,.82881945
796,.81791073,.67849517,1.1536678
797,.7675547,.59872764,1.1445959
798,.53744149,.59703511,.70604634
799,.84091979,.83953708,.82881945
800,.84091979,.83953708,.82881945
801,.84091979,.83953708,.82881945
802,1.9660209,2.2130196,1.1087573
803,.84091979,.83953708,.82881945
804,.84091979,.83953708,.82881945
805,.84091979,.83953708,.82881945
806,.77978134,.59004343,.82881945
807,.84091979,.83953708,.82881945
808,.84091979,.83953708,.82881945
809,.64992887,.75495875,.7007097
810,.56709546,.5141806,.73052806
811,.68971395,.68647838,.76012921
812,.84091979,.83953708,.82881945
813,.68825811,.78440052,.7128793
814,1.0015199,.82235122,1.1399398
815,.80404288,1.0863096,.82811177
816,1.0883002,.80479187,.99519604
817,1.2875409,1.1067543,.99519604
818,1.2875409,1.1067543,.99519604
819,1.2875409,1.1067543,.99519604
820,1.2875409,1.1067543,.99519604
821,1.2293676,.95557374,1.9035178
822,1.2875409,1.1067543,.99519604
823,1.2875409,1.1067543,.99519604
825,1.2875409,1.1067543,.99519604
826,2.2607794,1.6537415,.99519604
827,1.2031941,.94910342,.99519604
828,1.2875409,1.1067543,.99519604
830,1.3125496,1.0006738,.99519604
831,1.2875409,1.1067543,.99519604
832,1.8479162,1.4149042,1.4994462
833,1.2875409,1.1067543,.99519604
834,1.2025846,.90444899,.99519604
835,1.5372088,1.1936616,.99519604
836,1.4929425,1.1363896,1.220224
837,1.3295178,1.2078624,1.0511842
838,1.3659809,1.0831456,1.0028231
839,1.1294197,.9707675,.86724102
840,1.2875409,1.1067543,.99519604
841,1.1227813,.83847415,1.0897105
842,1.2875409,1.1067543,.99519604
843,1.2875409,1.1067543,.99519604
844,1.2875409,1.1067543,.99519604
845,1.2875409,1.1067543,.99519604
846,1.2875409,1.1067543,.99519604
847,1.2875409,1.1067543,.99519604
848,1.2548087,.91935647,.99519604
849,4.9189353,3.6915801,.99519604
850,1.2875409,1.1067543,.99519604
851,1.2875409,1.1067543,.99519604
852,1.0893409,1.3700527,.99519604
853,1.2875409,1.1067543,.99519604
854,1.2875409,1.1067543,.99519604
855,.91339356,1.2829816,.97862947
856,.8002153,.90509564,.80989271
857,.55821997,.56077099,.7601862
858,.77734131,.8465808,.80328423
859,.77734131,.8465808,.80328423
860,.76040679,.93318093,.90187675
861,.7220301,.75435305,.86705399
862,.77780849,.77184051,.89895928
863,.63241333,.6515649,.84240794
864,.57437277,.94867212,.58769131
865,.79068559,1.5340182,.81559151
866,.78742099,.84799016,.70965111
867,.77734131,.8465808,.80328423
868,.72483367,.88863868,.62596834
869,.71974355,.79626352,.85737056
870,.77734131,.8465808,.80328423
871,.96637851,1.0280145,.81484056
872,.86448097,.93602484,.70000607
873,.6218518,.70443368,.80440736
874,.61238247,.9158529,.68538654
875,.65615553,.75643116,.84153253
876,.77734131,.8465808,.80328423
877,.52677721,.6635409,.72698516
878,.58655924,.64904511,.78134948
879,.80580151,.86417055,.65645301
880,.77801895,.86416131,.86262417
881,.91567338,.77002209,1.2203232
882,.97679496,1.053477,.98755801
883,.77734131,.8465808,.80328423
884,.69575191,.61896563,.79353327
885,.64304036,.71674126,.63885099
886,.9357838,1.0422279,.88145226
887,.79505646,.96616906,.61641592
888,.83882338,.76542932,1.0312208
889,.47227192,.46397373,.6898734
890,.81973583,1.1148431,.8633523
891,.77734131,.8465808,.80328423
892,.43730685,.39029178,.3928889
893,.77734131,.8465808,.80328423
894,1.105203,1.0617776,.98913115
895,.77734131,.8465808,.80328423
896,.77734131,.8465808,.80328423
897,.77734131,.8465808,.80328423
898,.74666482,.72545034,.90954268
899,.69075233,.57493186,.99684089
900,.86658841,.83961177,.81239712
901,.73082036,1.0798066,.43261573
903,1.1940575,1.8255048,1.0668457
904,.83932632,.76886684,.67417884
905,.86658841,.83961177,.81239712
906,.86658841,.83961177,.81239712
907,.86658841,.83961177,.81239712
908,1.2520013,1.0469382,1.3059951
909,.66353482,.51764679,1.0066936
910,.46829426,.35073182,.81239712
911,.86658841,.83961177,.81239712
912,.86658841,.83961177,.81239712
913,.69149643,.5334152,.81239712
914,.86658841,.83961177,.81239712
915,.68480855,.83961177,1.0166624
916,1.4575646,.83961177,.81239712
917,.86658841,.83961177,.81239712
918,2.169096,1.7643163,.81239712
919,.86658841,.83961177,.81239712
920,.86658841,.83961177,.81239712
921,.86658841,.83961177,.81239712
922,.86658841,.83961177,.81239712
923,.86658841,.83961177,.81239712
924,.81060058,.88194466,.62631953
925,.86658841,.83961177,.81239712
926,.71036428,.62947267,.74739772
927,.45878845,.80994266,.54597807
928,.6520254,.54669273,.86274183
929,.86658841,.83961177,.81239712
930,1.2148211,1.028384,1.0659174
931,1.2690871,1.0445782,1.7950219
932,.86658841,.83961177,.81239712
933,.46010542,.6614936,.6010139
934,1.0444603,1.0976073,.95505363
935,.76484591,.74575114,.92537469
936,.80810374,.74270374,.73552215
937,.7261076,.65031052,.83885777
938,.66319036,.79817629,.80385739
939,1.1190251,1.5541329,.88375783
940,.78605777,.68888879,.9368161
941,.74706447,.85060865,.81293625
942,.8068462,.87092716,1.0390705
943,.74706447,.85060865,.81293625
944,.74706447,.85060865,.81293625
945,.50914282,.86051768,.55409974
946,.74706447,.85060865,.81293625
947,.51227516,.56596369,.66121566
948,.74706447,.85060865,.81293625
949,.61356002,.48780945,.83030677
950,.91381818,.9543227,.98183358
951,.97359502,.9907648,1.020828
952,.74706447,.85060865,.81293625
953,.63988918,.84194857,.80308747
954,.88055056,1.0824291,.9743591
955,.66525686,1.1211188,.60893834
956,.46675926,.44816002,.55896288
957,.74706447,.85060865,.81293625
958,1.1163872,1.042189,.37279195
959,.77896523,1.3360144,.92458755
960,.74484736,.83268821,.79394126
978,.71267194,.72051734,.8167907
979,.58616686,.45702964,.88546979
980,.69479978,.81769454,.73519886
981,.71267194,.72051734,.8167907
982,.72206736,.80369359,.62123466
983,.71267194,.72051734,.8167907
984,.71267194,.72051734,.8167907
985,.80414099,.9346596,.72421378
986,.71267194,.72051734,.8167907
987,.64354461,.58334541,.76794004
988,.81395787,.73849386,.93735933
989,.55746293,.8882944,.62223995
990,.7325384,.70364553,.91368604
991,.71267194,.72051734,.8167907
992,.62369829,.85215771,.49840993
993,.61714703,.66990787,.84895694
994,.701294,.70057678,.84672582
995,.77791268,.84800214,.73606205
996,.67286104,.71792555,.6416344
997,.93653834,.86861724,.99915206
998,.93653834,.86861724,.99915206
999,1.0592667,.94377929,1.1088473
1000,.42071372,.29401895,.68333155
1001,.88738048,.72276282,1.2236284
1002,.82562137,.83089328,.83561265
1003,.71807086,.73543882,.95008284
1004,1.0458691,1.0808423,.92055088
1005,1.047949,.96238387,.99522233
1006,.47110233,.51780939,.57476234
1007,.93653834,.86861724,.99915206
1008,.93653834,.86861724,.99915206
1009,1.0883605,1.0861651,.8421545
1010,.65023488,.51386482,.94776505
1011,.99748927,.99105656,1.0019315
1012,.8526302,.84802145,.94492364
1013,.93653834,.86861724,.99915206
1014,.93653834,.86861724,.99915206
1015,.93633056,.96490312,1.1669307
1016,.75148708,.81401867,.69000626
1017,.93653834,.86861724,.99915206
1018,.93653834,.86861724,.99915206
1019,.75755823,.64179015,1.0314608
1020,.93653834,.86861724,.99915206
1021,1.3787377,1.3816785,1.625726
1022,1.1450337,1.0652686,1.3922043
1023,1.3787377,1.3816785,1.625726
1024,1.2852145,1.3079758,1.6395677
1025,1.2282336,.9860999,1.6893547
1026,1.6130395,1.4183553,1.6446526
1027,1.5637326,1.3137995,1.9283437
1028,1.5571401,1.6719388,1.3722193
1029,1.1109607,1.5127052,1.5008085
1030,1.5892023,1.902406,1.9473969
1031,.90119869,.85166854,.88502961
1032,.61554503,.71923798,.74143881
1033,.91490167,.8414579,.60106552
1034,.53102887,.59253317,.64792281
1035,.81237805,.92254633,.76310974
1036,.68878734,.74227673,.75378203
1037,.57205397,.68429822,.63265634
1038,.86043537,.87798637,.58890325
1039,.68702835,.76703721,.7803781
1040,.59922147,.82670492,.68586338
1041,.51334238,.47254637,.74039239
1042,.68878734,.74227673,.75378203
1043,.5498212,.81895268,.57325667
1044,.71132636,.75437778,.87900561
1045,.70976281,.95827252,.68808347
1046,.5522539,.70889843,.71576452
1047,.51637417,.57830322,.69867283
1048,.48031053,.59018624,.65333104
1049,.61892986,.60224426,.88708794
1050,.71559811,.6327309,.95371324
1051,.68878734,.74227673,.75378203
1052,.79778379,1.0574981,.48435092
1053,.50805408,.64905745,.5961076
1054,.5028308,.52771997,.7265771
1055,.65084577,.70877504,.77027529
1056,.71026772,.63358814,.80646878
1057,.67439252,.69483042,.77466828
1058,.69069082,.67387033,.86232394
1059,.87000215,.82274354,.91284508
1060,.67822701,.69800252,.93194503
1061,.69957417,.8142187,.82724237
1062,.44383764,.42032948,.56091189
1063,.72833186,.72612482,.75858527
1064,.4119435,.4860293,.56124461
1065,.88013625,.76088959,.72066933
1066,.83965337,.73762935,.90043628
1067,.7411449,.64053673,.88300109
1068,.69323456,.77667451,.75921601
1069,.55612844,.51503921,.75948858
1070,.50084561,.56033945,.58871114
1071,.72833186,.72612482,.75858527
1072,.93038428,.84019399,.92646348
1073,.61321646,.68851787,.57274771
1074,.44706413,.42843089,.55784386
1075,1.177332,1.2068702,.65872139
1076,.53177345,.48695415,.70222199
1077,.43238419,.27122077,.66957349
1078,1.9168284,1.5781007,1.4657515
1079,.93520421,.98235142,.77400684
1080,.86013573,1.2349339,.84752309
1081,.55277109,.56707829,.77299529
1082,.35274106,.41376749,.42047152
1083,.9534595,.80950367,.93082064
1084,.65452409,.65363485,.73014021
1085,.72833186,.72612482,.75858527
1086,.61481005,.61325866,.67195904
1087,.46268031,.4968417,.5722034
1088,.61256963,.46798757,.92783219
1089,1.0089688,1.0859287,.67217189
1090,.69825602,.69287694,.87354732
1091,.85253596,1.0643967,.72337192
1092,.63310993,.50100136,.95210201
1093,.60624349,.64977443,.8607232
1094,.58074272,.63564128,.683734
1095,.653292,.61188978,.88969147
1096,.57992738,.72995299,.6039058
1097,.72017992,.76678818,.9571889
1098,.60415721,.75646061,.73789364
1099,.64871663,.45383996,1.0174567
1100,.71682513,.93314075,.86678475
1101,.82683343,.73247254,1.0228535
1102,.89464122,.68904084,1.3540906
1103,.79147279,.72033,.81197053
1104,.45966437,.52500761,.65997547
1105,.58039558,.64590949,.68924397
1106,.84578401,.73376459,1.1088479
1107,.81417221,1.0259128,.83163971
1108,.81417221,1.0259128,.83163971
1109,.81417221,1.0259128,.83163971
1110,.87766868,.83496404,.81503457
1111,1.2602664,1.2033052,1.0875577
1112,.85258716,.82872629,.72923493
1113,.77482599,.81239897,.78675997
1114,.81417221,1.0259128,.83163971
1115,.55831611,2.030453,.73123568
1116,.6440326,.80173886,.64630789
1117,.68896127,.72600836,.76773506
1118,.70609462,.63285434,.86289448
1119,.82443923,.82903832,.95570523
1120,.519611,1.415723,.65771115
1121,.81417221,1.0259128,.83163971
1122,.77563161,.81903279,.74151111
1123,.81417221,1.0259128,.83163971
1124,.81417221,1.0259128,.83163971
1125,.81417221,1.0259128,.83163971
1126,.81417221,1.0259128,.83163971
1127,1.9041184,2.1689808,1.2679269
1128,.81417221,1.0259128,.83163971
1129,.81417221,1.0259128,.83163971
1130,1.0734663,.98779404,1.1835229
1131,.79535413,1.2684859,1.0509613
1132,1.047161,.88065165,1.2474153
1133,1.2252095,1.1535858,1.4113929
1134,.60620356,.97353113,.79087096
1135,.70464224,1.024773,.75080013
1136,.90330058,.95926714,1.1164292
1137,.99832976,1.0140842,1.0925105
1138,.89990389,.87333947,1.0510081
1139,.93789685,.98583031,1.0908024
1140,.76932424,1.0025522,.8843379
1141,.83042401,1.0143734,1.0339538
1142,.93789685,.98583031,1.0908024
1143,.83684403,1.1689928,.8887012
1144,.93789685,.98583031,1.0908024
1145,.93789685,.98583031,1.0908024
1146,.67716348,.75128818,.97189146
1147,.93789685,.98583031,1.0908024
1148,1.8296938,1.5431305,1.3887317
1149,.93789685,.98583031,1.0908024
1150,1.3942879,1.2951396,1.4860231
1151,.7980392,1.1148868,.88995576
1152,.79518151,.99054956,1.0988929
1153,.93789685,.98583031,1.0908024
1154,1.0187629,1.0727156,1.0705538
1155,.92524111,.94300348,1.1085933
1156,.94772804,.88454622,1.1406246
1157,.93252468,.75260115,1.2237428
1158,.67956305,.85782266,.83308882
1159,.92314309,1.0197906,.98564947
1160,.93789685,.98583031,1.0908024
1161,.93789685,.98583031,1.0908024
1162,.89899564,.97743732,1.0665258
1163,.66266751,.75268972,1.0037832
1164,.89899564,.97743732,1.0665258
1165,.87491858,.89775509,.9940415
1166,.82746667,.79554117,1.0677506
1167,1.0435979,.9258759,1.180931
1168,.81099451,.63628727,1.1848811
1169,.85745919,1.6146311,.7213248
1170,.89899564,.97743732,1.0665258
1171,.92458647,1.0776309,1.3185108
1172,.89899564,.97743732,1.0665258
1173,.9771893,1.432534,.89812088
1174,.89899564,.97743732,1.0665258
1175,.88685066,.87975389,1.0412087
1176,.89899564,.97743732,1.0665258
1177,.70353675,.65994269,.94943887
1178,.68957114,.86895758,.86482573
1179,.72062719,.77400309,.86852819
1180,.54101264,.51648194,.70100391
1181,.54469001,.87719107,.74466288
1182,.93865418,.7912662,.94563335
1183,.61277634,.57094204,.90440381
1184,.51751709,1.0640631,.65530676
1185,.77196485,.72784251,.88185328
1186,.79921114,.8232609,.91609168
1187,.63715875,.56275415,.92995286
1188,.79999143,.81434184,1.0824077
1189,.96131378,.84722728,1.1867316
1190,.78867888,.76812285,1.017853
1191,.48685864,.25006399,.82963365
1192,.92960292,.8837828,.96069574
1193,.80384403,.59992671,1.2473654
1194,.82544726,.78942269,1.1490864
1196,.78339499,.68009275,1.0401635
1197,.74086177,.60930634,1.0331005
1198,.88443989,.89398831,1.0616711
1199,.82639974,.75600332,1.0511093
1200,.82639974,.75600332,1.0511093
1201,.85465074,.83375508,.94713014
1202,.75254989,.73915219,.91236746
1203,1.02309,1.0414174,1.2659309
1204,1.0461526,1.0723397,1.2884427
1205,.87255502,.8809911,1.0272564
1206,.51911521,.46811882,.84786481
1207,.54437631,1.0143665,.54969603
1208,.71015418,.85420281,.97735
1209,.8846724,1.0490874,.90848094
1210,.54463798,.61853808,1.0272564
1211,.87255502,.8809911,1.0272564
1212,.87255502,.8809911,1.0272564
1213,.77471077,.74915564,.92620045
1214,.82596338,.85547864,.83403522
1215,.87255502,.8809911,1.0272564
1216,.85845387,1.0271537,1.2400588
1217,.87255502,.8809911,1.0272564
1218,.70258725,.645845,.89256126
1219,.80592203,.75930125,1.0891792
1220,1.0800333,.96258461,1.07512
1221,.76213795,.77605855,1.0449737
1222,.80340964,.7013939,1.1336521
1223,.87481147,.79535389,1.0607015
1224,.89922279,.94383717,.96247613
1225,.48262572,.60198694,.60702586
1226,1.0474317,.99399859,1.235602
1227,1.2293423,1.0240512,1.3931733
1228,.99750113,.78828895,1.4423964
1229,1.2229261,1.0986241,1.0040287
1230,1.1473745,.99927801,1.2657109
1231,.97566676,.93821013,1.2586604
1232,1.0436347,.883825,1.3397058
1233,.95028198,.86372119,1.1175069
1234,.96929145,.98169601,.97468585
1235,1.2663009,1.0607802,1.2862082
1236,.93684524,.8176825,1.1453881
1237,.97809112,.92575991,1.0936555
1238,.77776057,.72378463,1.0191753
1239,1.4386015,1.2068192,1.5508121
1240,1.0062948,.79918587,1.3731698
1241,1.2526474,.98414761,1.3505142
1242,1.2696861,1.1521559,1.2014298
1243,1.1473745,.99927801,1.2657109
1244,1.1449627,.95262837,1.613999
1245,1.1473745,.99927801,1.2657109
1246,1.1949379,.99004489,1.1006956
1247,1.2670053,1.0068687,1.7442919
1248,.92157239,.94145161,1.0296593
1249,1.2223204,1.0976726,1.0112759
1250,.68157142,.81217319,.91742539
1251,.79562116,.70551401,1.0587264
1252,.82240701,.82263851,1.1228279
1253,.88706297,.83524168,1.0885925
1254,1.0085437,1.0567228,.98675066
1255,.81792706,1.1260124,.98408562
1256,.79217261,.94236422,.83375841
1257,.99524647,.87478006,1.063311
1258,.81843698,.77921486,.99131054
1259,.98142248,.98012114,1.2166997
1260,.93607038,.86686313,1.0645391
1261,.8182168,.73077571,.90527707
1262,.81390142,.76364571,.9594785
1263,.66888899,.76995933,.912067
1264,.88706297,.83524168,1.0885925
1265,1.0813977,.97588849,1.1267791
1266,.82238543,.70366734,.98890197
1267,.88706297,.83524168,1.0885925
1268,.7143625,.8004638,.90126866
1269,1.0345941,.86437356,1.3107709
1270,1.0911251,1.34048,1.0797548
1271,1.1473899,1.0948932,1.1881346
1272,.82046884,.73552483,.9586969
1273,.88018143,.77859503,1.1226548
1274,.9243058,.77383178,1.2003828
1275,.94174409,.84077996,1.1286449
1276,.88706297,.83524168,1.0885925
1277,.89970708,.65024102,1.4251813
1278,.88706297,.83524168,1.0885925
1279,.88958603,.73458523,1.3305633
1280,.93757248,.90703267,1.1072109
1281,.86536181,.7483297,1.1288308
1282,.99378204,.9668299,1.063414
1283,.7528497,.70260841,.94838548
1284,.7910468,.89911419,1.031528
1285,.74637365,.82242393,1.0140053
1286,.88706297,.83524168,1.0885925
1287,.92718792,.79961401,1.1879467
1288,.68607682,.87451792,.85909778
1289,.86891717,.84421629,1.1854684
1290,.82422417,.67351121,1.200189
1291,.99495685,.95962352,1.2760035
1292,.87785262,.79498857,1.0283692
1293,.78384835,.85543799,1.1094445
1294,.89460868,.78181368,1.2200528
1295,.90614688,.79555517,1.1938741
1296,.71081406,.66932678,.96326637
1297,.93080455,.87060672,1.1160438
1298,.93080455,.87060672,1.1160438
1299,.92857587,.86843336,.99624777
1300,.93080455,.87060672,1.1160438
1301,1.3016887,1.574501,1.8187186
1302,.57953799,.74293101,.69575703
1303,.95547545,.81529629,1.2569206
1304,1.3618195,1.1842862,1.5391008
1305,.93080455,.87060672,1.1160438
1306,.93080455,.87060672,1.1160438
1307,.63759905,.87060672,.96695101
1308,.88504946,.82741237,1.1342884
1309,.79168308,.75006843,.96016645
1311,.74359381,.65949708,1.0129513
1312,.93080455,.87060672,1.1160438
1313,.9216153,.76919419,1.2078764
1314,.76127648,.6167292,1.0219332
1315,1.1667148,1.0413059,1.1005813
1316,.95466244,.92121148,1.3557
1317,.93080455,.87060672,1.1160438
1318,.93080455,.87060672,1.1160438
1319,.93080455,.87060672,1.1160438
1320,.8991335,.85118657,1.0227505
1321,1.0476494,.61313707,1.7509288
1322,.93080455,.87060672,1.1160438
1323,.93080455,.87060672,1.1160438
1324,.71179122,.57041812,1.0195112
1325,.93080455,.87060672,1.1160438
1326,1.0401281,.91200423,1.3831745
1327,.93080455,.87060672,1.1160438
1328,.93080455,.87060672,1.1160438
1329,.93080455,.87060672,1.1160438
1330,.63394946,.93149173,.68329215
1331,1.08639,1.0383296,1.2892855
1332,.61455029,.44630837,.98540056
1333,.93080455,.87060672,1.1160438
1334,.80541193,.87244177,.87189943
1335,1.1683271,1.1170847,1.5801326
1336,.95591402,.8590948,1.2738541
1337,.87171155,.80914855,1.0669292
1338,.93080455,.87060672,1.1160438
1339,.88344646,.9410401,1.029482
1340,.88344646,.9410401,1.029482
1341,.91389376,.88661444,1.1685693
1342,.67282695,.59571618,.75515318
1343,1.1506282,1.6044952,1.1627069
1344,.88344646,.9410401,1.029482
1345,1.042784,.92411453,1.2124926
1346,1.3641909,1.2571473,1.3813095
1347,1.1046042,1.1156166,1.2767035
1348,1.2346478,1.0521179,1.2484083
1349,1.4777505,1.449226,1.2833685
1350,1.4387701,1.291491,1.5630394
1351,.93940115,.86253047,1.2538356
1352,1.6026491,1.3410591,1.5174774
1353,1.1541746,1.0138519,1.1690784
1354,1.4724808,1.2443306,1.4170737
1355,1.3430284,1.1366191,1.3694683
1356,1.0512172,.9010976,1.2357653
1357,1.4298463,1.1917379,1.5013252
1358,1.3505429,1.2027526,1.3578277
1359,1.2591168,1.5217224,1.0330378
1360,.91832829,1.0056901,.931656
1361,.88330686,1.2474904,.66893333
1362,1.1080691,1.0184387,.79423183
1363,.91832829,1.0056901,.931656
1364,.91832829,1.0056901,.931656
1365,.94687939,.93530583,.92924625
1366,.79771948,.9324891,.87823409
1367,.91832829,1.0056901,.931656
1368,1.0454503,1.0391455,1.0103493
1369,.83682227,.80813068,1.0233587
1370,.67729741,.91978991,.78925329
1371,.91832829,1.0056901,.931656
1372,.80967617,.73661464,.86731088
1373,.91832829,1.0056901,.931656
1374,1.0068864,1.1862259,1.200677
1375,.91832829,1.0056901,.931656
1376,.8762958,.89904833,.85429639
1377,.63501775,.7962473,.7250526
1378,.87041652,.90093446,.95748919
1379,.8762958,.89904833,.85429639
1380,1.3847822,1.2180182,.83411163
1381,.66586369,.76433408,.83980763
1382,.45125395,.56851649,.50342029
1383,.8762958,.89904833,.85429639
1384,.8762958,.89904833,.85429639
1385,.78042972,.72540802,.84741223
1386,.8762958,.89904833,.85429639
1387,1.0449991,1.1533417,.92215228
1388,.8762958,.89904833,.85429639
1389,.89079368,.80491102,.88938051
1390,.8762958,.89904833,.85429639
1391,.8762958,.89904833,.85429639
1392,.8762958,.89904833,.85429639
1393,.8762958,.89904833,.85429639
1394,.8762958,.89904833,.85429639
1395,.8762958,.89904833,.85429639
1396,.8762958,.89904833,.85429639
1397,.8762958,.89904833,.85429639
1398,.38806552,.66876966,.46047872
1399,.87036443,.66825485,1.2667975
1400,.49996623,.89904833,.61335093
1401,.8762958,.89904833,.85429639
1402,.83589733,.81675529,.878313
1403,.47960824,.47773013,.57834917
1404,.50173044,.44652733,.66958648
1405,.53324765,.69009852,.69235551
1406,1.0362431,.92844176,1.1234041
1407,.75152713,.79646891,.64580768
1408,.56699783,.85616243,.63397503
1409,.89587098,.82142735,.88111144
1410,.89587098,.82142735,.88111144
1411,.80619425,.74616891,1.0712538
1412,.89587098,.82142735,.88111144
1413,1.1604687,1.073009,.78665304
1414,.82505536,.74613667,.7806325
1415,1.3743294,1.1456759,1.5357038
1416,.61419839,.92820895,.80394787
1417,1.0028603,1.2162203,.98376429
1418,.5714137,.6265828,.8078956
1419,.84870589,.78013498,1.1295596
1420,.80929577,.79458529,.97777861
1421,.86709601,.77397168,.99318087
1422,.83359122,.74442947,1.106167
1423,.80915481,.8617295,.94567347
1424,.75260311,.64007717,1.0280948
1425,.67264742,.57559866,.95991641
1426,.75070006,.61447066,.99011433
1427,.80929577,.79458529,.97777861
1428,.80929577,.79458529,.97777861
1429,.90235937,.82486409,.93614864
1430,.61334687,.59404707,.80303901
1431,.95673919,.9057548,1.0350296
1432,.95236003,.96840531,.84018123
1433,.68434578,.79566395,.87818146
1434,.56736916,.5096547,.83556479
1435,.84646392,.7702719,1.1783723
1436,.83008087,.7750175,.98944575
1437,.61571836,.60218674,.86185211
1438,.52208388,.47961316,.7775737
1439,.91283649,1.0205165,.91915536
1440,.61076051,.75901538,.827923
1441,.57230204,.64200574,.71624064
1442,.72494924,.70801049,.86344653
1443,.65725935,.66380507,.86859173
1444,.84780431,.92200333,.85979426
1445,.72494924,.70801049,.86344653
1446,.8053534,.71598774,1.1684678
1447,.72494924,.70801049,.86344653
1448,.72494924,.70801049,.86344653
1449,.62655866,.61800164,.78230894
1450,.61612177,.59664392,.66157699
1451,.72494924,.70801049,.86344653
1452,.72494924,.70801049,.86344653
1453,.72494924,.70801049,.86344653
1454,.72494924,.70801049,.86344653
1455,.72494924,.70801049,.86344653
1456,.59945619,.4201172,.95537525
1457,1.1883917,1.2334393,1.3961622
1458,.95371395,.92201895,.77354443
1459,.77588236,.73500192,.89780515
1460,.72494924,.70801049,.86344653
1461,.51490217,.76483446,.66507536
1463,.64956421,.75810933,.75232053
1464,.64956421,.75810933,.75232053
1465,.68447375,.81540918,.74568599
1466,.48777166,.78001493,.51350391
1467,.64956421,.75810933,.75232053
1468,.55346131,.52864164,.63911641
1469,.78665268,1.0066867,.69572711
1470,.61732805,.48970947,.98011959
1471,.54399812,.788176,.71787077
1472,.81657314,.86331165,.88354319
1473,.79403007,.93039989,.82477528
1474,1.4677817,1.3205326,1.0961702
1475,1.8378654,1.4412085,1.0961702
1476,1.5492361,1.3678495,.85855705
1477,1.4677817,1.3205326,1.0961702
1478,1.4677817,1.3205326,1.0961702
1479,.40969339,1.3205326,.852916
1480,1.4677817,1.3205326,1.0961702
1481,2.0164568,1.8371875,1.0961702
1482,.75309885,.55867606,1.0961702
1483,1.4677817,1.3205326,1.0961702
1484,1.4677817,1.3205326,1.0961702
1485,1.4677817,1.3205326,1.0961702
1486,1.4677817,1.3205326,1.0961702
1487,1.2982353,.9393903,1.9379218
1488,1.4677817,1.3205326,1.0961702
1489,1.4677817,1.3205326,1.0961702
1490,1.4677817,1.3205326,1.0961702
1491,1.4677817,1.3205326,1.0961702
1492,.7093544,.50183862,1.174148
1493,.89419156,.88491464,.92052484
1494,.89419156,.88491464,.92052484
1495,.89419156,.88491464,.92052484
1496,.87798333,.90644372,.98858142
1497,1.1148994,1.1653295,.8781817
1498,.76526076,.700881,.84992319
1499,.89419156,.88491464,.92052484
1501,.92010653,1.3160051,.75404078
1502,.91335183,.84496546,1.1224098
1503,.84766066,.84431702,.92518479
1504,.58610523,.4892785,.72759241
1505,.89419156,.88491464,.92052484
1506,.89419156,.88491464,.92052484
1507,.89419156,.88491464,.92052484
1508,.89419156,.88491464,.92052484
1509,.89419156,.88491464,.92052484
1510,.89419156,.88491464,.92052484
1511,.91865653,.86908507,.91577619
1512,1.0197008,1.1002344,.91931415
1513,1.1227349,1.0244515,1.1160207
1514,.7100935,.79738086,.5291754
1515,.91643369,1.3486708,1.084779
1516,.78271765,.70736808,.80445868
1517,.60897851,.5463618,.73518175
1518,.99906534,.8425799,1.0096693
1519,.76663101,1.1123898,.84830731
1520,.96416855,.8570717,1.116385
1521,.82680291,.83127123,.90692753
1522,.85996085,1.1567324,.61055231
1523,.82680291,.83127123,.90692753
1524,.86934787,.91670865,1.0164393
1525,.71116924,.57020724,.98984891
1526,1.0624478,1.0102047,.69120485
1527,.82680291,.83127123,.90692753
1528,.82680291,.83127123,.90692753
1529,.93628788,1.0724982,1.128159
1530,.96172869,.94558561,1.2816006
1531,.6968773,.67114973,1.0212373
1532,.81289262,.72218901,1.0272878
1533,1.0311366,1.0127985,1.0267512
1534,1.0311366,1.0127985,1.0267512
1535,1.0438288,1.1834447,.88861775
1536,1.1416515,1.0927373,1.0407562
1537,.94682115,.8833971,.98696899
1538,1.0301547,1.160926,1.1227512
1539,.92472237,.83821613,.91846651
1540,1.286185,1.3634492,.99380386
1541,.89493889,.84655082,.93457001
1542,1.0094206,.92658168,1.1973119
1543,.79242831,.9448576,.77572316
1544,1.0311366,1.0127985,1.0267512
1545,1.0311366,1.0127985,1.0267512
1546,.70758206,.7288487,.9214083
1547,.8896898,.82819724,1.1746919
1548,1.0311366,1.0127985,1.0267512
1549,1.1473813,1.0725398,1.0785737
1550,.8358714,.94260687,.92624748
1551,1.5700973,1.3144972,1.3377607
1552,1.351418,1.1706963,1.3377607
1553,1.351418,1.1706963,1.3377607
1554,.68433154,.50327533,1.3377607
1555,1.3702816,1.0277643,1.3377607
1556,1.351418,1.1706963,1.3377607
1557,1.351418,1.1706963,1.3377607
1558,1.4516423,1.347893,1.3377607
1559,2.1661787,2.2511635,1.3377607
1560,.72089559,.56932807,1.3377607
1561,1.351418,1.1706963,1.3377607
1562,.84014666,1.2424306,1.0211087
1563,1.0037069,.92909414,1.218094
1564,1.0037069,.92909414,1.218094
1565,.95041305,.99519074,.87439466
1566,1.0037069,.92909414,1.218094
1567,.87901604,.94069821,.93651974
1568,1.0863328,.89303786,1.3036975
1569,1.0583016,1.0579602,1.039391
1570,1.0037069,.92909414,1.218094
1571,.76610541,.75934315,.8264125
1572,1.0037069,.92909414,1.218094
1573,.91645527,.95576602,.8851651
1574,.87936324,.86164659,1.0189126
1575,1.130146,.81225282,1.8363074
1576,.7750268,.85747188,.81555182
1577,.7750268,.85747188,.81555182
1578,.85234028,.88231367,.71042609
1579,.79605794,.7401799,.78584105
1580,.7750268,.85747188,.81555182
1581,.91667527,.95761049,1.0691532
1582,.51781964,.48511028,.73579746
1583,.7750268,.85747188,.81555182
1584,.96254981,.96796757,.65714777
1585,.7465083,.55178285,1.1370614
1586,.7750268,.85747188,.81555182
1587,.68005192,.68278944,.80694556
1588,.7750268,.85747188,.81555182
1589,.49127975,.85747188,.74946582
1590,.53461379,.71138066,.63061845
1591,.80578858,.7561695,.92357862
1592,.48790699,.70348728,.56212044
1593,.7750268,.85747188,.81555182
1594,.69495928,.5978213,1.005007
1595,.58636928,.73476851,.63704878
1596,.8817206,1.0093442,1.0128584
1597,.81651795,.73300785,.9280383
1598,.58203876,.75311011,.70027816
1599,.86365265,1.1863459,.75923818
1600,.7750268,.85747188,.81555182
1601,.99772435,.89758337,1.3821373
1602,.77439147,1.5539799,.9274621
1603,.74550748,.78033513,.72133899
1604,.87985605,1.0158581,.62536412
1605,.67764574,.58187568,.56998086
1606,.61212909,.67931896,.6442076
1607,.53891605,.4189958,.80262661
1608,.49944121,.65751165,.54081684
1609,.62956393,.51399767,.9204697
1610,.88026881,.92934942,.46428323
1611,.61552823,.58200222,.80521119
1612,.82430434,.99792343,.87707376
1614,.82931459,.81916583,.90405679
1615,.43964103,.81916583,.75349474
1616,.82931459,.81916583,.90405679
1617,.596771,.76411563,.63809437
1618,.65645772,.60675675,.96405083
1619,.69336456,.78453654,.77816528
1620,.83086711,.82597017,.74377328
1621,.79102772,1.3122799,.82598424
1622,.82931459,.81916583,.90405679
1623,.65857404,.57800549,.78686714
1624,.82931459,.81916583,.90405679
1625,.47211769,.81916583,.66217089
1626,.55469006,.75276589,.72928613
1627,1.0575167,1.2308868,.73249745
1628,.82931459,.81916583,.90405679
1629,.44908196,.51090479,.3970058
1630,.56646758,.422153,.8855592
1631,.96238661,.86859584,1.0896255
1632,1.0487666,1.4007818,.76679569
1633,.8531667,.77660024,.93884438
1634,.73871619,.67522728,1.0272411
1635,.82297492,.8756364,.78069443
1636,1.1137301,1.0609348,.64517218
1637,.80297613,.99503922,.76822442
1638,1.0009062,.99988282,.56754446
1639,.84609187,.86189145,.81072485
1640,.82297492,.8756364,.78069443
1641,.8169803,.79659462,.82933116
1642,.48416939,.63573849,.64244717
1643,.65996706,.8756364,.76468724
1644,.71847421,.6477496,.98350197
1645,.82297492,.8756364,.78069443
1646,.7691654,.86331224,.75007117
1647,.62384588,.61895573,.76785719
8887,,,
9991,1.4889301,1.3507947,1.4063623
9992,1.0371616,.93624103,.89189345
9993,.95275813,.91726345,.98484915
